Lemma,Occurrences
c/l/2822,1
c/l/4723 c,1
c/l/4910,1
b/1254 a,1
c/108,1
m/5731 b,1
6376,1
d/2341,1
c/d/5104,1
c/m/6086,1
m/6763,1
c/d/5175,1
c/m/6529,1
c/8609,1
c/342,1
6093,1
c/2032,1
b/6089 a,1
c/l/121,1
b/6093,1
b/2188,1
m/1588,1
3858,1
c/d/120,1
c/7014 b,1
c/1893,1
m/1062,1
c/m/2459,1
m/5375,1
5113,1
l/2585,1
5897,1
c/5897,1
4232,1
c/4232,1
4967,1
c/4967,1
6741,1
2989,1
3106,1
l/6482,1
l/2250,1
c/3929,1
c/l/8352,1
k/6754,1
c/m/6093,1
l/7231,1
b/s/1571,1
1613,1
c/3722 b,1
b/3724 b,1
6672 b,1
l/8392,1
m/d/5775,1
c/d/3999,1
c/8035,1
c/b/2416 c,1
2965,1
d/5207,1
c/7120,1
c/2527,1
c/2844 a,1
k/3418,1
3999,1
b/6049 a,1
6601 a,1
l/3315,1
c/7384 b,1
k/5248,1
c/751,1
c/390,1
c/3641 a,1
7449,1
c/126,1
3962,1
c/l/8035,1
c/4851,1
5745,1
m/4852,1
5611,1
d/6924 a,1
3835 b,1
c/d/2564,1
c/1101 a,1
b/218 b,1
c/5152,1
3252,1
2056,1
c/m/4138,1
c/l/87,1
c/860,1
l/3876,1
c/3231,1
c/l/7341,1
569,1
746 a,1
1298,1
1306,1
8134,1
c/8038,1
b/6255+,1
6255,1
d/2104,1
b/1990,1
b/7740,1
364+,1
364,1
5880+,1
5880,1
c/569,1
c/746 a,1
d/2568,1
2564,1
2593,1
2327,1
7740,1
c/4442+,1
8004,1
c/d/7399,1
m/2339,1
c/4471,1
b/4236,1
4943,1
c/1469,1
c/1334,1
1334,1
c/5380,1
c/8639,1
c/5939,1
d/1506,1
d/6935,1
c/8297,1
1260,1
c/5243 b,1
d/l/1121 a,1
i/1323,1
552,1
i/6381,1
i/3680,1
m/85,1
i/k/6818,1
k/6662,1
c/d/1817 c,1
k/6711,1
b/2551,1
c/6780,1
7008,1
k/7008,1
b/7843,1
d/2018,1
b/2015,1
b/6820,1
1151+,1
1151,1
i/1471 a,1
c/b/5356 a,1
6712,1
b/3327,1
c/2573,1
d/7880,1
k/2909,1
7235 b,1
7199,1
c/l/5209,1
c/l/5220,1
815,1
c/6123,1
3777,1
2375,1
6394,1
3044,1
7208,1
2875,1
1514,1
8477,1
c/l/1058,1
b/4005,1
m/6912,1
b/6085,1
c/6085,1
l/6085,1
l/5503,1
b/4375,1
l/4736,1
d/7579,1
l/1328 a,1
d/8268,1
7583,1
d/6781 a,1
c/4554,1
c/d/6781 a,1
l/7742,1
d/6809,1
4091,1
3435,1
7744,1
805 a,1
c/3912,1
c/3817,1
c/4927,1
c/4854,1
c/b/2918,1
l/523,1
m/3816,1
k/155,1
3938,1
c/5138,1
8180,1
6230,1
6229,1
7856,1
m/1642,1
c/276,1
7656,1
3067,1
4786,1
8522,1
k/8591,1
d/2532 b,1
d/4303,1
c/m/4924 a,1
d/6679 a,1
c/6117,1
m/4924 a,1
c/m/2919,1
b/1288,1
5551,1
c/l/3837 a,1
b/157,1
m/3812,1
b/269,1
5319,1
b/1409,1
1409,1
b/837,1
m/1736,1
b/1736,1
2064,1
2065,1
2082,1
c/5348,1
c/2345,1
d/8495,1
d/6124,1
d/5348,1
3839,1
c/3869,1
c/6478,1
6479,1
4286,1
d/3836,1
6478,1
b/8268,1
c/d/3775,1
l/3179,1
c/b/5848 c,1
c/d/7194,1
c/l/3812,1
c/3812,1
k/7617,1
b/3733 a,1
b/3837 a,1
c/7140,1
3026 a,1
3026 b,1
c/5713 a,1
b/6343,1
c/d/1581,1
6994,1
c/7305,1
c/79,1
b/79,1
6760,1
d/3409,1
b/1517,1
c/1849,1
c/l/7272,1
c/l/4735,1
b/1783,1
d/3207,1
4119,1
c/4976,1
l/887,1
c/b/6522,1
d/k/2181,1
2847,1
d/437,1
439+,1
439,1
c/l/3327,1
b/7185,1
1126+,1
1126,1
l/4029+,1
4029,1
b/7931,1
c/1315,1
1609,1
4199,1
c/1967,1
c/345,1
d/3222,1
b/7462 b,1
l/6649,1
2533,1
c/6130,1
d/2753,1
l/441 b,1
1924,1
d/2492 b,1
l/485,1
1886,1
c/5230,1
m/1568,1
4084,1
i/3801,1
c/d/4092,1
l/6318,1
5726,1
2437,1
b/3580,1
l/6147,1
l/209,1
c/2437,1
b/6809,1
5879,1
6162,1
6809,1
b/5879,1
k/m/7969,1
l/2183,1
d/2858,1
c/d/6616,1
6318,1
c/b/1612,1
k/6524 a,1
5322 a,1
d/6025,1
c/7818,1
d/8299,1
2751,1
c/b/5536,1
c/d/1277,1
c/7710,1
l/6622,1
c/7534,1
l/7455,1
6798,1
c/2567,1
l/6487,1
i/4672,1
7242,1
86,1
c/1107,1
6847+,1
6847,1
l/7062,1
d/7666,1
i/571,1
818,1
b/2603 a,1
b/3206,1
d/3887,1
d/7136 a,1
k/7270,1
c/d/6996 b,1
d/7668,1
m/2173,1
992,1
c/8247,1
4870,1
l/1556,1
c/l/4713,1
k/1062,1
k/6812,1
m/4864,1
c/b/6996 b,1
k/6547,1
l/662,1
b/3045,1
l/4241,1
c/l/113,1
2943,1
c/l/1144,1
c/4202,1
c/6313,1
c/6557,1
c/3102,1
5624,1
c/3177,1
6837,1
c/2291,1
7764,1
c/675,1
6179,1
c/722,1
c/692,1
c/788,1
278,1
c/7220,1
4649,1
c/714,1
3183,1
c/8006,1
c/m/7097 a,1
c/3856 a,1
b/7668,1
b/8393,1
c/l/400,1
c/l/398,1
l/2569,1
b/3870,1
k/7205,1
m/6307,1
m/2207,1
7919 b,1
c/1711,1
k/669,1
c/k/4519,1
6349,1
4380,1
m/2964,1
3349,1
c/l/8321 b,1
2447,1
c/3411,1
l/5445,1
8207,1
8233,1
c/7232,1
b/386,1
c/6339,1
c/7356 a,1
8379,1
l/2590 a,1
d/2590 b,1
1068,1
67+,1
67,1
6619,1
c/b/3843,1
8236,1
6326,1
2422,1
c/2560 b,1
b/2564,1
c/b/2203,1
b/5488,1
d/5488,1
m/3206,1
c/5134,1
b/2344,1
d/l/2026,1
c/1802,1
d/7298 a,1
c/584,1
b/3827,1
c/d/5572,1
m/5027,1
c/l/5927,1
d/3906,1
m/7934,1
c/m/1481 a,1
b/2180,1
b/3006,1
m/8032,1
6864,1
l/4139,1
l/5450,1
m/5450,1
c/7197 a,1
l/7197 a,1
c/d/5065,1
d/8401,1
c/3843,1
c/8401,1
c/8506,1
m/3843,1
c/m/227 b,1
c/b/8201,1
m/7115,1
c/m/5656,1
c/469,1
c/5644,1
472,1
c/23,1
6317,1
b/8201,1
b/5186,1
b/3858,1
b/6854,1
c/b/8574,1
c/b/4863,1
l/4970,1
c/m/5650,1
d/7309,1
l/3654,1
b/1581,1
c/m/4735,1
m/4735,1
3536,1
l/80,1
l/7822,1
b/2748,1
1392,1
c/d/3698,1
648,1
d/4306,1
i/2962,1
c/b/2205,1
b/697,1
c/b/6212,1
653,1
k/7971,1
k/2676,1
d/7347,1
m/7716,1
b/4373,1
3699,1
4844,1
4995,1
c/1311,1
b/1616,1
c/b/249,1
4863,1
m/2945,1
l/4102,1
l/249,1
c/l/2146,1
d/2708,1
c/l/2903,1
c/2571,1
m/4191,1
c/d/2822,1
l/2724,1
b/3517,1
l/386,1
c/5115 a,1
7492,1
6192,1
6749,1
k/5777,1
7461 a,1
d/8596,1
c/4985,1
d/4245 b,1
2636,1
k/3713 b,1
4478 b,1
6016 b,1
b/6016 b,1
5736,1
c/7311 b,1
k/6838,1
b/1706,1
6803,1
c/d/6016 b,1
4532,1
c/4809,1
3071+,1
3071,1
3676,1
c/l/4714,1
c/2302,1
c/1379,1
d/5066,1
6226,1
d/6205,1
c/7527,1
b/4836,1
b/898,1
c/5772,1
b/6414,1
b/1167,1
c/d/7794,1
b/1591,1
d/1591,1
c/1197 b,1
c/4315,1
d/7054,1
d/1197 a,1
d/1200,1
d/2966,1
b/7939,1
k/4119,1
3784,1
l/5785,1
c/1831,1
c/d/7637,1
c/340,1
c/6696 b,1
c/l/430,1
b/101,1
3840,1
d/5601,1
c/k/6106,1
l/2892 a,1
678,1
c/8438 a,1
c/7184,1
c/4518,1
b/3924,1
c/5629,1
b/5736,1
c/d/1280,1
l/1878,1
c/3257,1
c/4219,1
c/4207 b,1
c/l/8179,1
c/646,1
8665,1
d/8337,1
k/8435,1
4020,1
4396,1
c/7718,1
7660,1
8331,1
b/2833,1
c/6472,1
c/7660,1
c/4021,1
c/d/451,1
m/5536,1
l/4888 a,1
4729,1
b/3190,1
c/d/1800,1
d/3722 a,1
c/3653,1
c/6916,1
4842,1
3251,1
c/b/4971,1
5198 b,1
c/7827,1
c/2464,1
b/905,1
c/d/7004,1
b/4971,1
l/7306,1
l/5715,1
c/l/3615,1
c/d/3871,1
c/d/4385,1
2801,1
b/7452,1
2476,1
c/4246,1
l/8103,1
c/5526 e,1
c/2403 a,1
c/6363 a,1
b/2758,1
c/b/7105 a,1
8622,1
m/5066,1
4533,1
c/l/899 b,1
c/2885,1
4299,1
c/l/8081,1
b/8438 b,1
m/4399,1
l/2266,1
4518,1
d/7184,1
d/7117,1
l/4345,1
b/4759 b,1
c/d/134,1
6485 b,1
c/1212,1
c/b/8438 b,1
l/3332,1
l/134,1
c/2836 b,1
c/d/713,1
8278,1
d/6472,1
d/4021,1
d/73,1
d/119,1
l/7004,1
l/3550,1
c/b/7126,1
6309,1
c/d/7130,1
c/d/3767,1
4760,1
b/5133,1
3989,1
d/4227,1
6626,1
4802,1
b/4417,1
1643,1
m/1643,1
d/6096,1
c/6569,1
l/981,1
3776,1
b/6487,1
b/8667,1
b/1498,1
d/1500,1
d/6487,1
6485,1
d/9,1
4169,1
b/7062,1
c/k/817,1
c/4276,1
8601,1
c/4838,1
k/817,1
b/4802,1
c/2720 a,1
c/5560,1
d/2236,1
c/3775,1
c/4888 a,1
c/l/817,1
c/l/4394,1
b/73,1
c/m/5536,1
c/b/3899,1
c/l/2205,1
c/d/4374,1
c/d/3629,1
c/3508,1
b/3801,1
c/l/499,1
c/l/385,1
d/2455,1
c/2373,1
c/8263,1
d/6538,1
d/5822,1
d/1676,1
d/8580,1
d/6893,1
d/601,1
d/1744,1
d/5847,1
l/5425 a,1
d/5556,1
d/2728,1
c/1625,1
b/8318,1
d/2467,1
c/d/6632 b,1
c/d/604,1
c/d/3581 a,1
c/d/3911,1
c/d/2546,1
c/3600,1
1738,1
k/5079,1
l/5347,1
5597,1
m/5785,1
4556,1
b/7613,1
4348,1
b/4348,1
5424,1
l/8181,1
d/6669,1
933,1
1371,1
c/d/6879,1
l/6593,1
c/l/6785,1
b/6785,1
c/d/5061,1
6356,1
d/6593,1
m/3849,1
c/m/3499 a,1
l/8573,1
b/2893,1
k/5061,1
8258,1
7106 a,1
c/2902 a,1
c/6524 b,1
c/d/7901,1
c/b/6833,1
c/b/231,1
c/b/8144,1
c/l/5424,1
c/l/6883,1
c/l/7613,1
c/l/5597,1
c/l/934,1
b/2101,1
7325,1
7556,1
b/2889,1
d/4817,1
b/5060,1
k/4904,1
c/d/1739,1
c/d/2100,1
c/b/73,1
c/b/4701,1
c/d/8163 b,1
c/m/6588,1
c/m/1818,1
m/3722 a,1
6261,1
1509,1
c/d/7971,1
l/8163 c,1
b/249,1
c/b/1616,1
7608,1
l/6887 e,1
m/2708,1
c/6528,1
7250,1
2778 c,1
2668,1
1244,1
2666,1
c/8296 a,1
c/3793,1
7085,1
c/b/4884,1
c/1969,1
c/l/2490 c,1
c/b/4940,1
d/4432,1
c/d/5003,1
2617 b,1
3049,1
8296 b,1
b/1331,1
2763 b,1
1384,1
8400,1
4790,1
810,1
c/3211,1
b/8641,1
k/5271 a,1
c/b/5795,1
5788 b,1
2990,1
c/801,1
c/7038,1
c/l/5088,1
c/4600,1
4893 b,1
c/m/3117,1
l/7133 a,1
m/4186,1
3725,1
7673 b,1
c/6155,1
d/2471,1
l/234,1
3482,1
8019 b,1
1704,1
l/6567 a,1
c/5344 b,1
b/5344 b,1
c/7673 b,1
c/l/7916,1
l/5997,1
c/b/3104,1
c/b/4768,1
k/8453 a,1
4466,1
d/8453 a,1
c/4134,1
l/6133,1
m/7607,1
1786,1
c/1210,1
c/3465,1
6968,1
928,1
d/7829,1
d/6920,1
c/1727,1
k/1270,1
k/5154,1
c/1602,1
4816,1
4499,1
k/m/6440,1
8617,1
b/8074,1
d/5087,1
k/7704 b,1
4373,1
m/4643,1
l/7205,1
l/836,1
l/1410,1
c/b/5265,1
c/b/2583,1
c/8145,1
d/4886,1
3815,1
c/d/168,1
c/7050 b,1
c/l/6955,1
d/6020,1
d/3325,1
d/5817,1
c/d/4501,1
c/d/4539,1
6700,1
c/d/7657,1
d/6306 a,1
d/6302,1
7184,1
d/5262,1
4457,1
d/8335,1
k/1104,1
c/l/4853 a,1
m/2145,1
c/l/7621,1
6639,1
l/6638,1
c/6638,1
l/5144 b,1
c/2558,1
4952,1
c/6025,1
c/3002,1
m/2785,1
2085,1
6545,1
c/5144 b,1
c/5536,1
1311,1
6632 a,1
l/2598,1
c/7133 a,1
6363 b,1
c/4844,1
c/l/249,1
c/b/748,1
b/748,1
l/4744,1
c/l/4550,1
c/b/6950,1
d/6887 d,1
l/2246,1
c/b/5117,1
k/596,1
8404,1
c/d/628,1
d/7180,1
d/20,1
d/2682 b,1
d/1211,1
d/7762,1
c/d/4478 a,1
b/7347,1
1743,1
b/4085,1
k/2940,1
c/b/3381,1
d/3243,1
l/2214,1
i/6629,1
i/7136 a,1
4312,1
c/4312,1
m/979,1
d/7065,1
c/1468,1
c/k/1870,1
c/k/520 a,1
d/4283,1
d/4591,1
6914+,1
2698,1
d/3571,1
3571,1
i/7535,1
6406,1
7505,1
1427,1
5476,1
1426,1
5485,1
1582,1
5639,1
5147,1
2058,1
1345,1
4352,1
i/7504,1
d/b/4264,1
c/8526,1
c/2275 a,1
2156,1
c/811,1
b/4132,1
d/811,1
m/8446,1
c/2013,1
l/7275,1
c/6075 b,1
d/2767,1
b/3532,1
k/8641,1
l/7684,1
d/7684,1
b/2398,1
b/7683,1
l/6734,1
c/203,1
1278,1
l/7141,1
7555,1
d/8313,1
k/7141,1
c/k/5712,1
b/6950,1
d/7110 a,1
c/d/4046,1
l/1478,1
c/l/m/1004 b,1
l/4888 b,1
k/2373,1
c/k/7785,1
k/1715,1
c/k/4395,1
k/8393,1
c/k/8393,1
d/622,1
6781 b,1
b/1478,1
d/4784,1
d/871,1
d/7052,1
d/8314 a,1
d/5251,1
2052,1
b/5492 b,1
c/793,1
b/4938 b,1
4980,1
c/m/4980,1
5160,1
c/m/5160,1
c/m/1120,1
5302,1
l/567,1
k/3897,1
c/1111,1
6604,1
b/4934,1
l/860,1
i/5532,1
3399 a,1
7155+,1
7155,1
1120+,1
c/1109 a,1
l/1111,1
c/m/1389,1
7255,1
6839,1
c/k/738 a,1
d/6465,1
k/5158 b,1
k/1593,1
k/174,1
m/90,1
c/6979 c,1
8351,1
7014 a,1
b/7851,1
d/6775,1
d/6898,1
6897,1
5543 c,1
523,1
b/5231,1
d/2599,1
l/6396,1
d/6384,1
l/3756,1
d/3757,1
6396,1
l/5241,1
d/5242,1
l/3226,1
d/3228,1
d/3200,1
d/7587,1
l/6827,1
d/6831,1
l/2291,1
d/2291,1
l/7764,1
d/7765,1
l/244 a,1
d/244 b,1
l/6179,1
d/6180,1
l/720,1
d/722,1
l/692,1
d/692,1
d/8024,1
l/6557,1
d/6558,1
l/2538,1
d/2539,1
d/8440,1
l/6312,1
d/6324,1
l/3437,1
d/3432,1
l/8110 b,1
d/8117,1
l/5624,1
d/5625,1
l/356,1
d/440,1
l/3177,1
d/3178,1
d/4354,1
372,1
d/373,1
l/2507,1
d/2516,1
c/844,1
d/845,1
d/7930,1
c/8061,1
d/8062,1
c/2660 a,1
d/2662,1
c/6765,1
l/7803,1
d/8364,1
l/1071,1
d/1076,1
l/8465,1
d/8470,1
l/6197,1
d/6198,1
d/1108,1
l/788,1
d/789,1
l/297,1
d/298,1
l/8197 a,1
d/7781,1
l/2349,1
d/2350,1
714,1
d/716,1
l/5283,1
d/5280,1
l/7748,1
l/3232,1
d/3232,1
l/3440,1
d/3441,1
l/1283,1
d/1284,1
l/2268,1
d/2277,1
l/4439,1
d/4440,1
8294,1
l/3183,1
d/3184,1
l/1476,1
d/1477,1
l/3337,1
d/3340,1
l/8006,1
d/8016,1
l/6955,1
d/4848,1
l/6019,1
c/b/428,1
m/6485 a,1
5270,1
b/4808,1
m/1935,1
l/801,1
d/801,1
b/7620,1
c/b/6218,1
m/5088,1
c/l/4503,1
c/l/5262,1
c/l/632,1
c/4560,1
c/6633,1
l/4560,1
b/2945,1
c/7628 a,1
m/2568,1
d/957,1
d/4275,1
d/4371,1
4275,1
685,1
c/6781 a,1
5694,1
c/3270,1
c/5247,1
c/2809,1
c/5015 a,1
c/1194,1
i/251,1
c/5106,1
8635,1
l/6792,1
b/1367,1
5855+,1
5855,1
1039+,1
1028+,1
1028,1
c/2971,1
c/5025,1
5025,1
c/4713,1
b/5523,1
m/864,1
d/6367,1
864,1
b/4785,1
c/b/362,1
b/1850,1
m/1850,1
b/442,1
m/442,1
b/6914+,1
b/7575,1
m/7575,1
b/7428+,1
m/7428+,1
b/3841,1
b/7446,1
m/7446,1
b/6954,1
m/6954,1
b/2732,1
m/2732,1
b/4722,1
m/4722,1
b/8480,1
m/8480,1
b/8646,1
m/8646,1
b/4989,1
m/4989,1
b/2832,1
m/2832,1
b/4149 b,1
m/4149 b,1
b/1142+,1
m/1142+,1
b/2735+,1
m/2735+,1
b/3193,1
m/3193,1
b/5684,1
m/5684,1
m/6100+,1
b/6758,1
m/6758,1
b/6325,1
m/6325,1
m/5864,1
b/1769,1
m/1769,1
b/5963+,1
m/5963+,1
m/1020+,1
63+,1
63,1
l/7899,1
c/6887 d,1
2692+,1
2692,1
m/6111,1
2202,1
c/184,1
m/2704+,1
8221,1
m/8221,1
d/7247,1
l/5871,1
c/4229 b,1
449,1
3692,1
3020,1
2592,1
641,1
8204,1
6535,1
5821,1
282,1
8015,1
6300,1
c/l/7399,1
b/6660,1
b/342,1
6660,1
c/m/1486,1
c/m/5159,1
5489,1
8603,1
c/3837 b,1
c/2698,1
c/1774+,1
1774,1
b/154,1
c/b/2348,1
2960,1
c/4853 a,1
l/2583,1
c/b/6051,1
c/1951,1
d/1682,1
4096,1
3739 a,1
m/359 a,1
c/m/6100+,1
368,1
c/b/8165 a,1
2157,1
b/2699,1
b/6144,1
l/2768,1
8303,1
d/709,1
c/l/4353,1
m/3672,1
l/3425,1
c/k/1369,1
c/8486,1
c/4217,1
b/1187+,1
d/1695,1
m/3824,1
c/l/m/7097 a,1
b/4531 b,1
l/1425,1
l/4520,1
7865,1
c/d/6205,1
c/8150,1
c/m/8104,1
c/d/226,1
c/d/2220,1
c/d/5641,1
c/8415,1
b/4544,1
c/m/2042,1
c/6137,1
d/2496,1
c/6108,1
b/1920,1
b/7564,1
c/b/2722,1
c/b/175,1
c/b/8404,1
c/b/4532,1
c/b/6914+,1
c/b/7971,1
7190,1
c/m/8135,1
k/4385,1
m/885+,1
885+,1
885,1
4149 a,1
3193,1
b/7657,1
c/l/7393,1
d/3419,1
c/1237,1
c/7045,1
l/7933,1
m/1241,1
c/m/6629,1
c/d/1818,1
c/d/6299,1
354,1
c/689,1
c/1788,1
c/8377,1
c/2169,1
d/8156,1
c/d/6538,1
c/d/5822,1
c/d/7201,1
c/d/1772,1
c/d/6893,1
c/d/2624,1
c/d/601,1
c/d/1744,1
c/d/5847,1
4874,1
c/l/34,1
c/m/1637,1
d/4836,1
c/b/1817 c,1
2770,1
4530,1
k/4979,1
c/l/8121,1
l/3394,1
l/1779,1
c/d/3895,1
c/d/6896,1
c/b/1558,1
b/1631,1
k/7126,1
7131,1
d/3373,1
d/3824,1
1631,1
i/120,1
d/6202,1
c/2836 a,1
6856,1
6014 b,1
c/d/8130,1
l/8146,1
l/1069,1
c/5435,1
l/8071,1
l/5956,1
c/d/517,1
d/667,1
d/1000,1
4624,1
b/7794,1
1795,1
8212,1
m/6604,1
m/7137,1
240,1
c/6998,1
4425,1
c/2770,1
c/6014 b,1
l/4813,1
l/5670,1
5667,1
b/5667,1
m/1616,1
6286 b,1
2629,1
b/1758,1
2992,1
c/3417,1
d/5275,1
b/4016,1
d/2826,1
c/3023,1
b/5117,1
b/2935,1
d/2935,1
c/b/226,1
l/6237,1
b/205,1
b/2931,1
c/l/8085,1
5535,1
b/618,1
d/4045,1
b/7829,1
c/b/6920,1
c/b/1816,1
c/b/2746,1
c/b/7711 b,1
c/b/6076 b,1
c/b/2914,1
c/b/1618,1
c/b/2775 b,1
c/b/5788 a,1
c/b/8541,1
c/3616,1
2628,1
d/6767 c,1
c/b/5903,1
c/b/2640,1
c/d/1219,1
c/b/3499 a,1
m/6026,1
c/m/7391,1
c/b/7988,1
b/2640,1
c/l/7235 a,1
7268,1
c/3631,1
c/1671,1
m/2404,1
c/b/423,1
c/3939,1
d/7302,1
c/d/5237,1
c/4417,1
2750,1
c/d/1540,1
l/7797,1
c/d/4194,1
k/8164,1
c/k/7241,1
c/6618,1
i,1
b/5157,1
b/6504,1
c/b/8414,1
3214,1
3452,1
1469,1
m/2496,1
2561,1
c/1163,1
3780,1
8175 c,1
7876,1
c/3344,1
c/2981,1
4198,1
c/3898 b,1
c/6986,1
4815,1
2119 a,1
c/m/2315,1
6284,1
k/6697,1
c/m/7709,1
3647,1
c/8005,1
5643 b,1
c/7633,1
c/5359,1
c/1954,1
m/5514,1
799,1
2245,1
8497,1
m/1703,1
b/3484,1
c/5828,1
c/l/3878,1
8550,1
c/224,1
6988,1
2653,1
m/4022,1
1645,1
5572,1
c/l/2074,1
8228,1
c/8226,1
c/l/1410,1
c/l/1835,1
2187,1
c/l/5321,1
c/4392,1
c/1864,1
c/l/836,1
4515,1
1679,1
c/b/1346,1
m/6160,1
3893,1
k/4872,1
d/4172 a,1
2791 a,1
2339,1
m/d/2022,1
m/d/7851,1
b/121,1
m/121,1
c/d/3381,1
k/705,1
d/6190,1
c/7033,1
i/l,1
c/3405,1
c/l/8147,1
834 d,1
c/d/1270,1
c/b/6810,1
d/7671,1
c/d/4940,1
d/3920,1
b/7998,1
d/155,1
m/d/693,1
k/8610,1
c/l/5857,1
c/6737,1
6679 b,1
m/6718 b,1
c/7157+,1
c/2404,1
1944,1
6502,1
c/d/8300,1
8277,1
m/4719,1
2036,1
l/3923,1
m/5700,1
l/2275 a,1
l/1688 a,1
c/d/794,1
8110 a,1
c/b/5299 b,1
d/1657,1
c/8219,1
1171+,1
d/6062,1
6024,1
b/5804,1
c/b/795,1
c/m/8486,1
c/b/5548,1
c/b/794,1
1445,1
l/8289,1
8112+,1
8112,1
l/3760,1
l/5299 b,1
l/1537,1
d/7883,1
d/5841,1
d/832,1
c/d/6139,1
m/8486,1
c/4632,1
d/1382,1
c/1120+,1
c/1010+,1
c/3096,1
c/6932,1
c/4158,1
c/6890+,1
6890,1
c/1047+,1
c/794,1
c/1020+,1
c/m/2809,1
7434+,1
d/7434,1
c/993,1
c/m/4266,1
1688 b,1
c/b/6010,1
1027+,1
1027,1
c/1039+,1
c/5523,1
c/6829,1
c/6252,1
c/l/7626,1
c/l/7075,1
b/6947+,1
c/k/3581 b,1
b/6062,1
d/7173,1
l/1026+,1
l/4608,1
m/1173,1
3297,1
3693,1
7942,1
d/1173,1
2995,1
c/l/3612,1
c/5740 b,1
c/3017,1
c/7016,1
c/1776,1
c/5735,1
c/3497,1
c/2675+,1
2675,1
c/7152,1
538,1
c/8090,1
c/2693+,1
2693,1
c/2829,1
c/1046+,1
c/964,1
c/5864,1
c/3686,1
c/4089,1
c/5578,1
c/3822,1
c/7978,1
c/7417 c,1
c/6881,1
c/d/5879,1
c/5725,1
c/5825,1
c/8189,1
c/5723,1
c/d/1449,1
c/1453,1
6799,1
c/2322,1
c/4028+,1
4028,1
c/1810,1
c/3371,1
c/1218,1
c/3522,1
c/3903,1
c/3798,1
c/1450,1
c/5279 b,1
c/4719,1
c/5334,1
c/7084,1
c/392,1
c/4762,1
c/3492,1
c/7755,1
c/1837,1
c/7158+,1
c/6024,1
c/6044,1
c/1657,1
c/2473,1
c/1542,1
694,1
c/824,1
c/1054+,1
1054,1
c/664,1
c/2547,1
c/7153+,1
c/6730,1
c/2128,1
c/3194,1
c/3157,1
c/3347,1
d/7014 a,1
2478,1
c/4638,1
c/1042+,1
1042,1
c/515,1
c/d/7237,1
1026+,1
4081,1
c/5527,1
c/d/5044,1
c/5898+,1
d/5898,1
c/5872+,1
m/3383,1
d/3311,1
8387+,1
8387,1
3239 b,1
m/3239 b,1
c/5292 a,1
m/8599 b,1
d/3995,1
2507,1
7928,1
c/l/6765,1
5887+,1
5887,1
c/8599 b,1
c/b/3485,1
c/2991,1
5874+,1
d/5316,1
c/d/7497 b,1
b/1052+,1
c/l/4519,1
c/7205,1
l/1032+,1
1553,1
c/1031+,1
7104,1
c/1026+,1
c/6787,1
c/d/6511,1
c/6084,1
c/3726+,1
c/d/6078,1
c/d/4681,1
c/3416,1
c/8634,1
c/6762,1
507,1
1394,1
c/7652 b,1
c/1088,1
c/1329,1
c/1024+,1
c/2701+,1
2701,1
c/1034+,1
1034,1
c/8287,1
1192+,1
1192,1
8301,1
c/4831,1
b/1708,1
m/8301,1
3696+,1
3696,1
d/1705,1
1662+,1
6278+,1
6278,1
d/8388 a,1
d/5269,1
2615,1
c/7005,1
c/5096,1
c/8110 a,1
c/3030,1
c/1035+,1
c/d/3694,1
c/7766,1
c/2663,1
c/7866,1
c/588,1
c/d/7245,1
c/7191,1
c/77,1
c/7432,1
c/5876+,1
5876,1
c/1048+,1
1048,1
c/2482,1
c/991,1
c/407,1
c/487,1
c/6008,1
c/4861,1
c/b/7884+,1
7884,1
c/b/1516,1
1025+,1
1025,1
c/5272,1
c/5683,1
c/2540,1
c/7071,1
2621,1
c/5981,1
c/663,1
m/2501,1
m/438,1
c/129,1
5346,1
c/2995,1
3946,1
243+,1
243,1
2712 a,1
d/6661,1
6863,1
c/2575 a,1
7557,1
c/3672,1
c/128,1
c/5877+,1
5877,1
c/3375,1
c/4027+,1
4027,1
2765,1
c/5905+,1
5905,1
c/8169,1
c/357,1
c/3494,1
c/514,1
c/1405,1
c/1191,1
c/3055,1
c/1139+,1
1139,1
c/1667+,1
c/4313+,1
4313,1
c/d/7542,1
3959,1
l/3959,1
d/4152,1
3194,1
5960,1
6911,1
514,1
1203,1
7191,1
5873+,1
4861,1
2576+,1
2576,1
7178,1
7177,1
1829,1
b/5233,1
c/b/8008,1
b/4777,1
m/1674,1
c/b/2077,1
c/b/8002,1
b/3499 a,1
c/l/7850,1
3990,1
c/b/571,1
c/b/4714,1
d/427,1
b/8556 b,1
6857,1
7003,1
5910,1
303,1
2462,1
d/843,1
1043+,1
2776,1
m/4610+,1
m/d/5553,1
d/1066,1
l/6654,1
1066,1
b/8556 a,1
8556 a,1
c/l/6252,1
m/5009,1
c/1766,1
c/d/6722,1
6366,1
1574,1
d/5325,1
d/6574,1
d/4528,1
d/4668,1
d/8167,1
b/4451,1
b/2674,1
b/2800,1
c/1683,1
5031,1
3941,1
8560,1
l/1301,1
m/6943,1
m/7017,1
2246,1
m/2800,1
2800,1
c/5516,1
b/8063,1
d/4718 a,1
b/3814,1
c/d/3489,1
b/6544 a,1
b/5068,1
3901,1
l/2710,1
6715,1
2686 b,1
4857,1
8567,1
l/117,1
b/6391,1
c/1835,1
4664,1
b/8590,1
m/4546,1
1640,1
6917,1
m/1726,1
1726,1
4789,1
b/5602,1
l/3489,1
l/1989,1
4277,1
c/2980,1
d/822,1
7361,1
l/6677 a,1
d/4492,1
d/4679,1
c/1809,1
b/4519,1
s/859 a,1
c/d/4839,1
d/4839,1
c/b/4682,1
i/859 d,1
c/b/2074,1
c/b/5321,1
1492,1
c/2115,1
d/5602,1
b/1492,1
5878+,1
5878,1
d/4176,1
c/6852,1
d/2571,1
d/821,1
l/8628,1
1029+,1
1029,1
6888,1
2888,1
m/5321,1
c/2062,1
m/1210,1
c/2078,1
b/7174,1
c/d/5307,1
l/5025,1
c/d/4264,1
m/l/4608,1
d/3286,1
k/8389,1
l/3500,1
c/d/5188,1
c/l/905,1
d/6060 b,1
l/1439,1
c/6348,1
l/8384,1
4987,1
m/40,1
c/2083,1
b/8649 a,1
b/725,1
6877,1
1286,1
6756 a,1
d/7134,1
7754 b,1
7754 a,1
8405,1
6312,1
b/7056,1
c/7492,1
c/6722,1
l/7101,1
c/l/7101,1
b/3096,1
m/1111,1
c/b/6177,1
c/m/4708,1
64+,1
64,1
b/5916,1
c/7474,1
l/8567,1
i/673,1
5451,1
b/6552,1
l/6470,1
8385 b,1
k/8156,1
1682,1
c/7287 b,1
m/1472,1
m/d/398,1
c/m/5794,1
d/l/3423,1
b/5697 a,1
d/2487,1
7462 d,1
b/1423,1
m/1430 a,1
d/8554,1
3896,1
k/6593,1
7437+,1
7437,1
d/4388,1
5875+,1
5875,1
l/5841,1
7796,1
d/3499 b,1
d/5296,1
b/7306,1
b/3489,1
d/708,1
c/509,1
4177,1
l/5633 a,1
c/5365,1
l/6779,1
l/1712,1
c/3237,1
b/7832,1
c/6187,1
c/l/2713,1
6114,1
m/6722,1
6101,1
4265+,1
4265,1
d/2296,1
d/3520 b,1
l/4318,1
l/1050+,1
l/6150,1
7286,1
d/732,1
c/l/5288,1
c/1101 b,1
l/m/1835,1
l/7233,1
l/1387,1
d/8185,1
b/1193+,1
1193,1
m/4629,1
c/d/4150,1
d/6227,1
k/4421,1
c/d/4864,1
c/5953 b,1
1440,1
m/3003,1
c/m/5045,1
l/3829,1
l/2342 a,1
c/2414,1
d/2342 a,1
d/7436+,1
7436,1
8459,1
6444,1
6869 c,1
l/7910,1
k/1310,1
c/d/4207 a,1
b/3595,1
b/7037,1
d/4207 a,1
l/6740,1
d/7596,1
1163,1
l/1254 b,1
c/l/109,1
l/95,1
c/2962,1
3543 b,1
m/5046,1
d/72+,1
l/5680,1
m/d/4634,1
l/5941,1
4665,1
350+,1
m/72+,1
d/796,1
c/8368,1
d/6139,1
c/l/7080,1
c/l/5633 a,1
b/712,1
c/1600,1
c/d/5699,1
l/795,1
l/5804,1
l/831,1
l/1661,1
l/6138,1
c/5909,1
3724 d,1
c/d/6252,1
m/2199,1
2924,1
l/1033+,1
1033,1
d/8129,1
72+,1
d/1215,1
d/7592,1
c/b/6571 a,1
c/l/2790 a,1
c/l/7114 b,1
l/7548,1
c/l/2879,1
c/l/644,1
6872 c,1
1064,1
647,1
8031,1
8171,1
c/8670,1
c/l/860,1
l/2876,1
d/4490,1
c/d/5921 a,1
b/6766,1
c/8596,1
k/6437,1
m/5012,1
d/3905,1
d/4309,1
k/2790 b,1
b/5365,1
c/7867,1
c/b/1,1
d/8414,1
m/2308,1
c/b/2337,1
c/b/5553,1
c/b/6877,1
c/5680,1
7777 a,1
l/3913,1
4282,1
4281,1
d/6477,1
l/4281,1
c/l/855,1
c/l/7969,1
7053,1
c/l/d/7134,1
c/l/5324,1
d/1861 a,1
c/l/3129,1
949,1
5573,1
4622,1
d/4675,1
k/b/2677,1
4618,1
d/4673,1
c/d/7843,1
l/281,1
c/d/1995 a,1
d/2244,1
c/422,1
b/3293 b,1
d/3293 b,1
b/7650,1
b/3295,1
m/4363,1
d/3467,1
b/3129,1
i/3129,1
c/b/4428,1
c/4444+,1
b/2923,1
c/d/4932,1
d/3733 c,1
5240,1
m/6003,1
6484,1
c/8158,1
i/8552,1
c/1204,1
l/5059,1
c/1423,1
d/3658,1
b/658+,1
658,1
7193,1
c/4697,1
c/6150,1
d/7039,1
2757,1
d/4570,1
m/4630,1
m/4634,1
d/2007,1
m/d/5739,1
6959,1
8302 b,1
2512,1
c/b/3219,1
c/7050 a,1
c/132,1
i/3611,1
c/b/3591,1
c/7049 a,1
b/7050 a,1
8189,1
m/1814,1
d/5958,1
c/k/7725,1
c/d/4246,1
c/b/7991 b,1
5770,1
c/d/2595,1
c/m/5973 b,1
2416 b,1
b/4119,1
c/6362,1
3523,1
b/4296,1
c/3523,1
3862,1
b/7906,1
k/6587,1
d/237,1
l/5958,1
b/3083,1
d/4780,1
c/l/1322,1
d/5493,1
d/7473,1
c/371,1
5169,1
3874,1
7388,1
l/7696,1
4689,1
2802,1
b/7413,1
c/6720,1
c/2860,1
l/6293,1
b/7084,1
l/6696 a,1
2793,1
2130,1
d/4224 b,1
5555+,1
5555,1
d/3277,1
l/5526 b,1
m/7561,1
l/1781,1
b/4584,1
b/1494,1
3614,1
l/2416 a,1
c/l/26,1
c/5860 a,1
k/5037,1
c/d/1245,1
d/7050 a,1
l/6330,1
c/l/4383,1
c/l/8210,1
c/l/3467,1
m/7489 a,1
l/5037,1
k/4960,1
m/5037,1
b/26,1
l/6406,1
m/1554,1
c/5595,1
m/7971,1
7226,1
d/5676,1
m/5596 a,1
d/7124,1
c/2976,1
4582,1
b/7766,1
b/224,1
b/5869 b,1
c/6003,1
l/5619,1
i/5381,1
m/d/5399,1
c/l/7122,1
m/d/376,1
c/k/2506 a,1
b/7418+,1
7418,1
b/3492,1
b/8224,1
b/851,1
b/7403,1
b/2767,1
b/3565+,1
3565,1
b/6269,1
m/d/3384 b,1
m/2346,1
d/6002,1
d/7661,1
c/685,1
7734,1
c/d/5273 a,1
d/805 b,1
c/l/378+,1
2521+,1
2521,1
b/310 a,1
522,1
1520,1
l/92,1
i/l/5331,1
d/1338,1
c/b/376,1
3609,1
c/d/2549,1
37,1
c/d/8345,1
i/7218 a,1
c/l/6965 b,1
m/3372,1
3889,1
m/d/1416,1
l/6601 b,1
m/953 b,1
5626,1
b/7987,1
c/6879,1
b/6418,1
d/k/4194,1
m/d/4428,1
k/7451 c,1
881,1
c/l/3083,1
c/7394,1
m/7586,1
k/1319,1
b/2275 b,1
c/d/6452 b,1
b/6794,1
m/2275 a,1
1057,1
6807 a,1
m/1184+,1
1184,1
c/b/4517,1
c/b/6767 d,1
5225,1
d/7944,1
3769,1
6339,1
c/3769,1
k/1540,1
m/2063,1
c/l/4324,1
b/5753 b,1
d/2384,1
8452,1
k/3478,1
c/m/1293,1
4965+,1
d/4965,1
d/2256 a,1
c/m/984,1
c/m/1268 b,1
i/657 a,1
b/3810+,1
c/l/6717,1
c/l/4648,1
l/4648,1
1050+,1
c/m/268,1
c/7731,1
7731,1
l/223 a,1
c/l/7901,1
3380,1
c/l/7326,1
m/6595 a,1
c/m/3563 a,1
c/m/1241,1
l/732,1
d/7326,1
d/3535,1
706,1
i/4191,1
3041,1
c/b/4037,1
c/l/53,1
l/2470 a,1
c/l/550,1
c/3122,1
3834,1
d/4958,1
d/8135,1
m/312,1
i/550,1
c/8076,1
l/m/7451 a,1
b/1178+,1
1178,1
7760 b,1
5991,1
c/m/1696,1
k/818,1
c/k/4325,1
d/5064,1
c/d/7451 b,1
786,1
l/3231,1
c/l/8041,1
c/k/53,1
c/b/1548,1
m/1650,1
c/5228,1
b/1650,1
m/1542,1
b/2076,1
d/7195,1
1023+,1
d/1023,1
b/5679,1
3182,1
b/7194,1
c/i/3808,1
m/d/7218 a,1
4648+,1
c/l/d/3899,1
c/d/3899,1
c/d/7019,1
d/3287,1
l/6717,1
l/4648+,1
b/7043,1
b/5869,1
c/6080,1
c/d/8145,1
c/7504,1
l/2365,1
b/7128,1
c/5498,1
b/5883+,1
b/980,1
4323,1
m/d/875,1
3501,1
c/7629,1
m/7237,1
c/5592 a,1
c/2406,1
c/7058,1
c/8194,1
c/6771,1
7730,1
c/d/6505,1
c/2290 b,1
b/53,1
l/4678,1
l/3569,1
k/4794,1
k/5288,1
3813,1
d/5679,1
c/l/2199,1
b/7871,1
b/4266,1
d/1578,1
l/1271,1
c/3643,1
5379,1
3228,1
2424,1
l/2199,1
c/3186,1
l/6021,1
b/3097,1
3014,1
c/1038+,1
d/1276,1
c/7035,1
1038+,1
c/151,1
c/7864,1
c/7724,1
d/2972,1
l/1393,1
c/d/1393,1
764,1
m/8462,1
d/3363,1
b/6762,1
3430,1
7013,1
5593,1
3296+,1
3296,1
c/m/341,1
2841,1
1300 a,1
c/6789,1
c/m/6965 b,1
4024 a,1
c/5273 b,1
c/k/216,1
m/4306,1
k/6975,1
b/7675,1
3429+,1
3429,1
8461,1
5722,1
266,1
b/2778 a,1
8037,1
89,1
l/2416 d,1
m/d/7970,1
c/2416 d,1
c/4673,1
m/6909,1
470,1
d/6407,1
4012,1
6756 b,1
2460,1
6553,1
1914,1
45+,1
45,1
d/1273,1
3464,1
8325,1
308,1
6474,1
d/701,1
m/6678,1
l/2734,1
c/k/1992,1
d/1410,1
8483+,1
8483,1
1842+,1
1842,1
4984,1
c/7472,1
2120,1
c/49,1
l/1339+,1
d/6506,1
2490 b,1
b/1521,1
b/2290 b,1
c/b/5275,1
c/l/1732,1
c/l/3678,1
c/b/3483,1
2185,1
l/3243,1
456,1
7894,1
c/2071,1
c/301,1
5653,1
1133+,1
1133,1
1128+,1
1128,1
b/4739,1
c/358+,1
358+,1
358,1
1136+,1
1136,1
b/700,1
1125+,1
1125,1
5299 b,1
2955,1
c/4023,1
l/3157,1
m/1052+,1
l/3361,1
1127+,1
1127,1
292,1
b/5321,1
6515,1
414,1
1398,1
7471,1
m/354,1
c/1257,1
m/8607,1
l/4817,1
c/d/8401,1
c/l/7409,1
m/387,1
c/1862,1
4235,1
6294,1
k/6722,1
1702,1
4361,1
c/d/1382,1
8261,1
c/l/1687,1
c/d/8484,1
4052,1
4551 a,1
c/4717,1
c/d/1631,1
c/b/3883,1
1356 b,1
c/7713,1
m/7172,1
d/5604,1
l/3942,1
6497,1
c/1687,1
c/7095,1
7049 b,1
c/7286,1
d/2707,1
945,1
c/3773,1
c/8261,1
c/4237,1
8260,1
c/4136,1
m/d/7172,1
k/197,1
c/m/4527,1
d/2947,1
c/m/l/4605,1
c/l/197,1
d/8394,1
c/6696 c,1
3805,1
7638,1
b/197,1
m/l/5980,1
c/6497,1
d/6497,1
b/3333,1
l/738 a,1
c/l/1241,1
4174,1
l/4350,1
c/5633 b,1
l/3595,1
3333,1
l/m/8478,1
b/4350,1
c/2839,1
c/2840,1
k/4626,1
c/3914,1
7095,1
l/6235,1
b/4568,1
c/d/5592 a,1
c/d/6596,1
d/388,1
c/5378,1
l/422,1
3420,1
2625,1
c/d/8467,1
m/3766,1
m/3557,1
c/590,1
b/590,1
d/484,1
4552,1
c/4536,1
d/6152 b,1
6338,1
d/7675,1
c/l/2451,1
c/5402,1
l/160,1
6253,1
4445 b,1
c/l/4432,1
111,1
m/4080,1
m/6290,1
7331,1
d/6868,1
6871,1
5447,1
c/d/7626,1
5438,1
151,1
k/2282,1
l/5695,1
m/3820,1
l/738 b,1
c/l/6912,1
c/l/3582,1
c/5350,1
c/1228,1
m/7869,1
d/1557,1
2886,1
2383,1
b/1405,1
k/4427 a,1
l/1201,1
777,1
m/1405,1
c/256,1
856,1
2419,1
1017+,1
1017,1
b/48,1
m/8453 b,1
m/d/5158 a,1
c/d/6158,1
l/6721,1
b/3537,1
b/6835,1
d/490,1
m/d/929,1
6452 b,1
d/5587 a,1
c/2048 a,1
7873,1
c/8151,1
7529,1
d/396,1
c/3874,1
b/155,1
m/65+,1
c/d/4422,1
d/6310,1
5606 b,1
l/8168,1
k/6605 a,1
b/4310,1
k/7393,1
2835,1
c/2480,1
c/6481,1
b/666,1
d/666,1
m/d/5030,1
l/5022,1
b/2368,1
c/d/2715,1
i/7523,1
k/256,1
328 b,1
b/3964,1
c/3952,1
c/d/2185,1
6213,1
c/232,1
c/1563,1
7921 c,1
6746,1
c/7921 c,1
c/7046,1
c/k/517,1
c/4338,1
5349,1
k/5059,1
d/5059,1
c/d/5158 a,1
4004,1
k/1818,1
b/7025+,1
d/7051,1
c/d/5383,1
l/3588 a,1
610,1
b/3498,1
7766,1
l/7767,1
d/2731,1
b/8198,1
l/3206,1
i/7592,1
l/1522,1
c/1522,1
c/2237,1
219 b,1
6498,1
c/6398,1
m/d/5138,1
m/1190+,1
1190,1
b/6861,1
l/477,1
71,1
c/6554,1
b/7812,1
2754,1
d/6076 a,1
c/6883,1
c/7094,1
c/6687,1
8466,1
5185,1
m/s/l/7945,1
351,1
i/5221,1
i/834 a,1
c/3739 b,1
3740,1
c/7255,1
d/6894,1
1686,1
b/d/7704 b,1
l/6817,1
c/2030 a,1
d/4346,1
6811,1
d/7696,1
7395,1
c/d/4491,1
k/4491,1
c/3785,1
920,1
1483,1
c/348,1
d/1538,1
c/d/7272,1
c/l/256,1
c/d/5402,1
c/d/539,1
c/l/6963 a,1
6652,1
7462 a,1
b/6122,1
d/4458,1
d/4403,1
c/3082,1
c/l/7991 c,1
c/d/7991 c,1
l/4280,1
l/4163,1
l/7096,1
c/d/7206,1
c/d/4520,1
3089,1
d/4463,1
l/3746,1
c/l/7323,1
5495,1
4535,1
l/7713,1
l/3058,1
l/919,1
c/225,1
d/8505,1
c/l/2672,1
l/2394,1
4212,1
l/2371,1
5538,1
c/3108,1
l/3059,1
c/1416,1
c/2371,1
d/5554,1
3371,1
l/558,1
m/1662+,1
6905,1
8607,1
d/2030 a,1
l/6322,1
d/745,1
1569,1
3239 a,1
m/359 b,1
c/726,1
c/130,1
4837,1
l/271,1
5471,1
c/2644,1
k/6203,1
c/5077 a,1
c/m/3575,1
c/m/5755,1
c/5617,1
d/8118,1
5524+,1
5524,1
3575,1
5370,1
807,1
5026,1
8662,1
c/d/5616,1
l/152,1
c/6048,1
c/d/1285,1
21,1
5180,1
d/547,1
c/7711 a,1
1255+,1
1255,1
4949,1
d/6747,1
c/l/4933,1
4922,1
2743,1
3192,1
3040,1
m/1218,1
c/296,1
c/5907,1
c/8227 b,1
2745,1
c/l/842,1
b/7709,1
c/4524,1
c/l/4208,1
5419+,1
5419,1
b/6503,1
c/l/3645,1
d/6725,1
b/4023,1
m/4023,1
l/6549+,1
7316,1
5179,1
193 b,1
c/l/1461,1
c/d/4350,1
c/8132,1
c/2250,1
k/5521,1
b/4750,1
l/6017,1
c/6116,1
c/4150,1
l/2960,1
c/b/6566,1
2541,1
k/8144,1
k/8438 a,1
4107,1
c/2270,1
8021,1
k/1253,1
k/b/8462,1
m/352 d,1
m/d/1593,1
d/2634,1
l/5296,1
l/5213,1
k/6430,1
c/b/3206,1
l/4818,1
7914,1
d/2532 a,1
c/d/457,1
c/b/4247,1
l/2661,1
6512,1
c/l/5847,1
c/b/5585,1
4937 b,1
c/4938 a,1
c/8586,1
b/2205,1
c/d/7034,1
1971,1
5953 c,1
m/l,1
c/8265,1
c/2952,1
c/b/7272,1
5913,1
c/5596 b,1
6596,1
d/5914,1
c/d/7636,1
c/d/7720,1
d/5188,1
c/d/8285,1
c/d/7479,1
d/6287,1
c/d/6807 b,1
c/d/7196,1
c/d/3908,1
d/4254,1
c/d/4595,1
c/d/4304,1
c/d/2754,1
c/d/1549,1
c/d/5466,1
c/d/6797,1
c/d/7289,1
4716,1
5364,1
4748,1
6614,1
4228,1
3587,1
l/6643 a,1
c/6227,1
2646,1
c/5521,1
c/l/4268,1
c/l/4563,1
c/m/4306,1
7892 b,1
c/5823,1
4881 b,1
1326,1
m/4305,1
4939,1
6704,1
c/6473,1
c/5938,1
c/d/410,1
k/1699 a,1
c/k/5688,1
2403 a,1
c/l/2896 b,1
l/4537,1
c/2842,1
k/4716,1
k/5478,1
k/6862 d,1
k/5100,1
b/6183,1
c/7757,1
8314 b,1
520 b,1
d/8314 b,1
7531 b,1
b/4457,1
d/5805,1
c/k/437,1
b/7995,1
k/5128,1
c/7610+,1
7610,1
d/181,1
d/6226,1
2870 b,1
c/b/1157,1
l/2070,1
c/l/1682,1
d/1327,1
c/b/5357,1
d/5097,1
d/7917,1
d/7272,1
l/8068,1
c/l/7898,1
b/4576,1
l/4916 a,1
c/l/4823,1
1549,1
l/4122+,1
3000,1
d/7975 b,1
d/6099,1
c/d/7227 a,1
4298,1
k/2393,1
c/l/6697,1
8584,1
b/3928,1
d/6850,1
c/d/1897,1
c/l/8584,1
c/2825,1
4588,1
6695 b,1
4155,1
1551,1
b/2505 a,1
5430,1
5431,1
3980,1
c/l/5582,1
c/1496,1
m/268,1
c/55,1
6272,1
k/3980,1
d/2710,1
m/1779,1
c/l/1497,1
c/l/7722 b,1
k/3751,1
k/774,1
k/1834,1
c/l/457,1
c/l/6091,1
c/b/2451,1
k/7064,1
c/k/622,1
c/6850,1
i/6286 a,1
d/1631,1
d/4883,1
k/5130 b,1
3350,1
k/3350,1
l/3852,1
c/8068,1
m/5315,1
5263,1
l/8172,1
3631,1
8399,1
k/4347,1
c/5923,1
l/4363,1
1554,1
3919 c,1
4088,1
d/1374,1
5586,1
6288 b,1
b/4637,1
d/6967,1
c/5362 a,1
5442,1
b/117,1
m/1503,1
c/5342,1
l/4926,1
l/6035,1
c/d/530,1
c/6510,1
2352,1
3975,1
1911,1
c/m/6624,1
c/m/3568 a,1
c/m/5867 a,1
c/m/8152,1
c/m/339,1
c/5310 b,1
4916 b,1
b/5868 b,1
m/4599,1
8192,1
m/6337,1
m/3800,1
c/k/6629,1
d/5595,1
167,1
6163 a,1
255,1
c/6030 a,1
b/490,1
c/8577 a,1
c/5596 a,1
b/5065,1
m/6090 a,1
c/m/7267,1
4062,1
4783,1
d/3772,1
1998,1
c/4374,1
1966,1
2522,1
k/5342,1
2944,1
k/6297,1
4293,1
c/5209,1
c/5220,1
l/4180,1
c/2894,1
b/4292,1
c/5448,1
d/3289,1
6848 a,1
b/4151,1
7024 a,1
d/1006,1
4923,1
2682 b,1
d/6155,1
d/2201,1
97,1
c/879+,1
879,1
c/l/7611,1
m/5554,1
l/769,1
6415,1
d/4160,1
c/4106,1
1341,1
l/808,1
5218 a,1
7709,1
8291,1
7976,1
k/3658,1
l/7025+,1
4596,1
4654 a,1
c/4924 b,1
k/622,1
k/3950,1
1620,1
534,1
k/5800 a,1
d/2793,1
c/d/534,1
5282,1
7735,1
k/1993,1
c/k/1534,1
6767 a,1
k/5375,1
c/k/8628,1
b/4349,1
c/1155,1
d/2150,1
b/4211,1
d/5189,1
8456,1
c/6972,1
2778 b,1
d/328 a,1
m/d/3220,1
c/5405,1
c/2186 b,1
c/5488,1
6169,1
4218,1
d/1771,1
2443,1
4365 b,1
8305,1
2355,1
8356,1
99,1
5773,1
k/8582,1
l/2283,1
d/2041,1
c/l/5707,1
b/804,1
c/l/804,1
5623,1
m/3568 a,1
l/2498,1
c/d/7703,1
k/6735 c,1
d/6844,1
4707,1
4098,1
1746,1
1720,1
m/7198,1
c/3998,1
6979 c,1
c/7771 b,1
c/5867 a,1
c/7024 b,1
c/d/6571 b,1
l/1219,1
c/4724,1
d/3465,1
c/l/4553,1
c/l/7144,1
c/l/2296,1
d/5532,1
2925,1
c/5844 b,1
5844 b,1
6802,1
1754 b,1
c/1920,1
c/m/4612,1
l/471,1
4668,1
d/6631,1
c/d/6849,1
d/101,1
d/5035 a,1
d/8628,1
1826 b,1
5505,1
6927,1
4206 a,1
l/5937,1
k/7892 b,1
l/868,1
2630,1
c/l/4374,1
6266,1
k/113,1
k/8198,1
k/1404,1
k/7069,1
k/4376,1
6150,1
c/7591,1
b/217 b,1
m/3671,1
c/899 a,1
d/4791,1
626,1
4525,1
544,1
k/2721 a,1
4229 c,1
d/3875,1
d/3874,1
d/5259,1
k/1758,1
4963,1
b/1119,1
4087,1
d/7811,1
l/7811,1
698,1
c/4013,1
c/l/2143,1
b/2256 b,1
2247,1
c/d/2389,1
6129,1
6585,1
6702,1
i/k/4347,1
k/2027,1
b/5432,1
1615,1
c/2553,1
b/3001,1
m/7641 a,1
c/6731 a,1
8178 b,1
6986,1
6733,1
k/1061,1
l/5850,1
c/l/6843,1
c/l/1369,1
b/7941,1
d/7941,1
b/7203 b,1
6417,1
6892 b,1
m/7699 a,1
b/3934,1
d/4774,1
c/b/8267,1
976,1
l/6957 b,1
l/4949,1
c/3261,1
c/2380,1
2113,1
d/4702,1
m/8311,1
k/3664,1
6559,1
k/6010,1
i/3605,1
d/2790 a,1
c/7702,1
7795,1
5567,1
3646,1
156,1
1536,1
c/6693,1
k/740,1
k/1754 a,1
4674,1
b/7482,1
c/b/7494,1
c/4685 d,1
c/d/6693,1
d/7457,1
c/8173 a,1
c/b/8193,1
c/6382,1
d/6009,1
2017,1
c/3336,1
c/m/652,1
c/m/2822,1
6983,1
2357,1
l/5810,1
c/l/2620,1
c/d/2622,1
2609,1
l/5828,1
c/3918,1
c/8314 a,1
1707,1
c/7385,1
3586,1
c/l/2374,1
4123,1
k/7667,1
b/4386,1
l/2846,1
m/3344,1
c/l/2834,1
m/1360,1
b/7729,1
c/b/985,1
k/8650,1
c/k/5251,1
l/7355,1
3670,1
541,1
c/8082,1
c/d/504,1
c/d/5895,1
2548,1
b/7371,1
c/b/4214,1
c/4273,1
4858,1
b/5299 a,1
c/5183 b,1
5311,1
c/2230,1
8613,1
4071,1
c/d/3715 a,1
c/m/1995 a,1
c/5553,1
m/4032,1
m/5251,1
c/8574,1
l/6664,1
k/4224 a,1
k/6388,1
5926,1
c/l/3596,1
2612,1
c/l/1696,1
l/7324,1
c/4945 b,1
c/3596,1
c/6209,1
c/975,1
b/3759,1
c/983,1
c/b/4496,1
c/1258,1
c/b/8218,1
k/5239,1
l/898,1
m/7427,1
k/4944,1
1357,1
691,1
2842,1
4955,1
7875,1
b/1215,1
m/8551,1
4679,1
3267,1
6813,1
4766,1
c/2491 a,1
k/5612 a,1
k/5034 b,1
c/k/5034 b,1
m/8384,1
b/1224,1
c/2874,1
7966,1
l/1614,1
c/7090,1
c/3244,1
c/6158,1
922,1
c/2336,1
2681,1
3917,1
7091,1
c/1716,1
1772,1
b/6957 b,1
c/6723,1
k/2261,1
c/d/8289,1
d/8273,1
l/4002,1
l/7070,1
c/1573,1
4547,1
c/6530,1
i/413,1
2716,1
b/8121,1
b/1824,1
2309,1
7088,1
k/707,1
m/1803 a,1
k/5483 a,1
5693,1
6234,1
c/2492 a,1
c/4799,1
4757+,1
4757,1
d/6121 b,1
c/d/7406,1
l/1237,1
b/2389,1
2922,1
b/2239,1
b/7991 a,1
b/6425,1
k/4752,1
c/k/7834,1
k/1851,1
c/7577,1
d/5533 b,1
k/1852,1
c/4969,1
k/8414,1
l/3287,1
c/l/369,1
l/1694,1
c/m/678,1
4695,1
c/k/657 a,1
l/4173,1
c/d/34,1
c/1918,1
6110,1
m/659,1
c/6594,1
l/571,1
c/l/8451,1
l/6491,1
l/6456,1
c/2319,1
5554,1
6681,1
6463,1
5395,1
c/4625,1
b/6459,1
c/d/5787,1
k/7999 b,1
c/5787,1
c/142,1
c/8154,1
6351,1
b/2352,1
4933,1
l/4882,1
c/l/8486,1
c/7223,1
b/1281,1
c/5808,1
k/6594,1
b/3828,1
l/1421,1
c/3484,1
3004,1
b/996,1
k/6155,1
c/m/1107,1
7297,1
4621,1
b/6352,1
b/8279,1
b/4741,1
c/b/4230,1
k/8403,1
k/8597,1
8645,1
c/437,1
766,1
c/5456,1
l/6459,1
l/5456,1
2902 b,1
m/7919 a,1
l/944,1
c/k/6051,1
l/6683,1
l/7286,1
c/4301,1
c/5505,1
c/5436,1
b/3639,1
6736,1
5015 b,1
5385,1
d/6006,1
d/2107,1
m/3599,1
c/377,1
c/m/6924 a,1
c/6028,1
6777,1
7640,1
5719,1
c/489,1
b/6109,1
b/2267,1
b/3556,1
l/2552,1
c/m/4325,1
6090 b,1
2413,1
b/3564,1
k/4579,1
m/3778,1
b/827,1
l/8414,1
c/5336,1
l/960,1
l/8581,1
8273,1
4002,1
c/4546,1
5515,1
c/6476,1
m/7355,1
c/2717 b,1
k/5716,1
k/3618,1
2035,1
7923,1
7921 b,1
c/1565,1
b/2684,1
c/8282,1
c/4455 a,1
c/k/6071,1
m/5383,1
c/b/6588,1
m/6304,1
6940,1
l/5790,1
3287,1
k/3928,1
c/3895,1
m/3639,1
c/7536,1
k/2496,1
c/b/2131 a,1
l/4620,1
4718 b,1
k/5731 b,1
4414 a,1
c/m/1421,1
c/k/6785,1
5580,1
d/2717 a,1
4615,1
c/l/3245,1
d/7701,1
k/8377,1
4364 a,1
c/k/2351,1
7628 b,1
c/b/4499,1
4893 a,1
c/8389,1
5137 b,1
k/3126,1
c/k/8328,1
c/2310,1
c/k/4564,1
c/b/2250,1
c/k/7353,1
c/2656,1
m/5999,1
c/l/6586,1
c/3407,1
b/7281,1
b/8241,1
m/7107,1
c/m/1605,1
b/5601,1
3539,1
688,1
c/m/4288,1
c/b/3808,1
b/1880,1
m/4284,1
c/d/7950,1
c/b/7965,1
d/5636,1
c/m/1323,1
l/5024,1
1957,1
l/5123,1
c/d/3611,1
l/1215,1
c/5433 a,1
d/2552,1
b/2511,1
c/7788,1
7547,1
b/2199,1
6899,1
c/d/2620,1
c/l/57,1
5108 a,1
5108 b,1
l/7350,1
c/l/7138,1
7516,1
c/2916,1
k/7782,1
6092,1
c/4683,1
c/l/5221,1
i/k/2088,1
i/l/3721,1
k/100,1
i/l/2088,1
4788,1
c/724,1
b/6710,1
c/k/4161,1
m/7676,1
m/4672,1
m/3467,1
l/996,1
c/6980,1
m/1000,1
c/d/2116,1
6980,1
l/899 b,1
l/5054,1
c/k/369,1
k/5399,1
b/820,1
c/5627,1
c/5229,1
k/8302 b,1
8516,1
c/m/4217,1
2225,1
1070,1
c/591,1
c/7699 b,1
c/l/5051,1
c/3391,1
5342,1
c/l/631,1
6495+,1
6495,1
l/57,1
4594,1
c/b/3519,1
3235,1
3271,1
c/k/3618,1
k/5051,1
2556 b,1
1350 b,1
c/947,1
c/k/7230,1
c/b/2551,1
c/5190,1
m/3374,1
l/4705,1
k/6919,1
2003,1
l/2442,1
k/2931,1
c/k/899 b,1
5708,1
c/5034 b,1
k/5929,1
d/2563 a,1
d/3707,1
b/1593,1
c/b/5341,1
c/6564,1
c/4839,1
b/811,1
l/7258,1
d/7913,1
l/1408,1
c/d/4390,1
l/4507,1
m/3511,1
c/m/7667,1
l/7621,1
d/1288,1
c/d/2398,1
l/928,1
c/2924,1
c/5175,1
c/5223,1
b/8586,1
c/4035,1
d/2730,1
5077 b,1
i/2342 a,1
i/589,1
d/56,1
4711,1
m/2123 b,1
c/k/5158 a,1
k/1877,1
c/1606,1
c/d/2891,1
d/1593,1
c/d/8263,1
c/d/3956,1
c/b/6632 a,1
c/b/3753,1
c/m/1767,1
b/6297,1
1860,1
c/l/5982,1
3623,1
c/7745,1
c/2898,1
c/d/7462 b,1
d/4171,1
c/8175 a,1
i/5650,1
c/4878,1
6345,1
5494,1
b/5427,1
1287,1
3799,1
1072,1
8308,1
8385 a,1
m/3182,1
c/1627,1
m/6773,1
k/1322,1
i/4057 b,1
3991,1
7196,1
l/8138 a,1
b/4009,1
k/6163 a,1
i/5201,1
m/6963 b,1
m/898,1
c/6340,1
c/6960 b,1
c/m/310 a,1
c/d/1322,1
m/5441,1
d/4801,1
k/8104,1
c/l/3190,1
c/7411 a,1
c/b/3710,1
k/2470 a,1
k/1069,1
3306,1
5888,1
2109 a,1
7904,1
b/8284,1
c/d/1699 b,1
k/6913,1
c/3138,1
k/3619,1
6245 a,1
c/8186 a,1
c/b/8620,1
d/5000,1
c/d/6026,1
6097,1
k/6979 b,1
6979 b,1
3363,1
k/1219,1
5552,1
c/m/5030,1
4771,1
969,1
4647,1
m/800,1
i/1589,1
c/l/4725,1
l/7887,1
d/530,1
b/8612,1
b/8649 b,1
c/5693,1
c/d/5929,1
5170 b,1
4684,1
4010,1
i/3068,1
b/6456,1
d/6875,1
732,1
696,1
c/5092,1
l/6969,1
c/k/5995,1
b/6190,1
c/m/226,1
b/4621,1
k/8560,1
2969,1
c/3688,1
m/8659,1
m/210,1
c/778,1
m/772,1
429,1
3666,1
c/7494,1
d/4209,1
c/7489 b,1
d/5193,1
899 a,1
m/3629,1
l/2878,1
2028,1
3033,1
i/5861,1
6641,1
b/5357,1
b/6578,1
d/3987,1
k/232,1
l/6757,1
l/6205,1
c/1830,1
1830,1
c/l/1377,1
4761,1
i/2015,1
2272,1
c/4684,1
d/1226,1
c/6501,1
c/k/732,1
1724,1
c/434,1
l/1992,1
i/3988 a,1
1652,1
l/5498,1
c/l/7843,1
b/4214,1
5892 a,1
c/928,1
8293,1
8281,1
i/7489 b,1
l/750,1
391,1
m/2151 b,1
4798,1
2594,1
l/1728,1
l/1771,1
c/1770,1
6719,1
c/m/5357,1
b/6856,1
c/l/7161 a,1
2788,1
3105,1
1226,1
d/3820 a,1
7124,1
1716,1
m/7223,1
3249,1
l/4288,1
7670,1
c/l/6942,1
c/m/5439,1
i/k/3335,1
c/7281,1
7635,1
8322,1
m/2450,1
d/7999 a,1
1228,1
d/1228,1
c/b/8612,1
k/8612,1
k/4725,1
m/d/8612,1
4036+,1
m/4036,1
l/4032,1
c/l/7047,1
6761,1
c/7358,1
6216,1
7304,1
d/4835,1
c/b/1316,1
m/5682,1
i/6089 b,1
7363 a,1
c/k/1397,1
k/2519,1
1760 b,1
8186 a,1
2613,1
l/5006,1
l/7911,1
d/1250 a,1
c/k/6360,1
6327 d,1
d/3947,1
c/5001,1
c/b/6350,1
c/3276,1
c/4853 b,1
c/5382,1
c/3640,1
d/4525,1
d/1731,1
d/1073,1
c/d/1731,1
c/k/8384,1
l/8148,1
d/7224,1
l/2977,1
d/2534,1
d/5780,1
2174 b,1
c/7006,1
c/m/4583,1
c/8600,1
m/117,1
223 b,1
c/4133,1
3786,1
c/l/7451 c,1
c/l/1698,1
c/d/1377,1
c/d/5631,1
d/4284,1
d/8182,1
k/6667,1
c/k/256,1
d/6729,1
l/3420,1
l/4205,1
7601,1
c/m/4347,1
6819,1
l/7280 b,1
c/b/8469,1
l/1669,1
m/1832,1
3357,1
8564,1
c/l/7489 a,1
d/1155,1
l/m/6996 a,1
6961,1
1601,1
c/d/1880,1
d/8309,1
d/7709,1
d/3425,1
d/5950,1
c/k/6529,1
c/b/248,1
m/5271 b,1
l/2895,1
d/5422,1
6283,1
c/5019,1
c/k/4955,1
2262,1
3012,1
l/3957,1
l/3122,1
c/494,1
b/1773,1
m/3957,1
5655,1
l/2721 a,1
c/l/7140,1
3081,1
6488,1
d/612,1
d/2588,1
c/1436 b,1
c/3116,1
c/6583,1
5499,1
c/1094,1
4418,1
c/d/4418,1
l/2256 a,1
b/1206,1
5562+,1
5562,1
8310+,1
8310,1
5018+,1
c/3010,1
c/5021,1
c/5371+,1
m/2691 a,1
l/5663+,1
b/246,1
d/246,1
1185,1
d/6908,1
c/7227 b,1
m/7927,1
k/6298,1
b/1628,1
580,1
d/2086,1
c/l/1540,1
8471,1
b/4423,1
c/b/5297,1
b/6624,1
227 b,1
l/6087 b,1
d/7002,1
c/b/5715,1
6548+,1
6548,1
c/4496,1
d/6571 a,1
b/3553,1
d/7420,1
d/5630,1
d/7031,1
c/k/5104,1
c/3866,1
b/5297,1
k/8396,1
c/k/3760,1
3304+,1
3304,1
7171,1
c/b/7134,1
k/2404,1
m/697,1
8161,1
m/7494,1
1534,1
m/7510,1
c/l/6721,1
3731,1
d/4869 b,1
4086,1
m/2773,1
6731 b,1
5323,1
c/b/1473,1
c/6808,1
m/3645,1
b/769,1
1015+,1
1015,1
1014+,1
1014,1
7152,1
d/7814,1
b/1590,1
6354,1
c/7312,1
c/l/4124,1
m/3759,1
m/3342,1
l/4923,1
1417,1
c/l/4288,1
c/d/4679,1
d/5211,1
m/3581 b,1
c/6936,1
l/8510,1
l/5074,1
m/995,1
l/2721 b,1
8606,1
c/7374,1
l/6938,1
c/l/4467,1
4781,1
c/4723 b,1
k/6260,1
k/5697 a,1
4850,1
3965,1
c/6412 b,1
d/907,1
c/2973,1
c/b/367,1
3820 b,1
6965 a,1
b/5630,1
488,1
l/4341,1
d/2671,1
4661,1
l/6438,1
l/4146,1
4508,1
c/813,1
2951,1
5569,1
c/d/4569 b,1
k/1637,1
k/8577 b,1
3770,1
m/5730 a,1
c/8322,1
5286,1
k/1484,1
k/3733 c,1
5102 a,1
b/8052,1
l/m/120,1
d/527,1
c/l/3009,1
d/5592 a,1
c/d/5982,1
4759 a,1
3112,1
941,1
c/5340,1
m/d/8040,1
k/1513,1
c/d/2416 c,1
7519,1
d/965,1
c/b/5975,1
2830,1
d/5051,1
5621,1
c/5544,1
6137,1
c/1958,1
k/1706,1
k/8068,1
m/6864,1
8512+,1
8512,1
m/6664,1
c/d/2310,1
c/1764,1
b/4946,1
c/5692,1
b/1561,1
5746,1
1561,1
c/b/8078,1
d/1532,1
d/4692,1
l/7564,1
1995 b,1
c/1422,1
c/b/8433 b,1
b/2219,1
c/d/5341,1
424,1
1689,1
1906,1
d/2087,1
m/1991,1
5089,1
c/d/4376,1
d/4465,1
b/8619,1
c/6643 a,1
d/2114 a,1
d/7569,1
7089,1
c/m/4975,1
2096,1
b/6734,1
b/872,1
c/6282 b,1
d/8542,1
4892,1
4660,1
c/7083,1
7083,1
d/584,1
c/d/602,1
d/8420,1
c/m/4720,1
k/5221,1
4297,1
d/7083,1
c/d/3742,1
c/d/2691 a,1
l/212,1
c/b/7311 a,1
c/d/3289,1
c/4609 a,1
l/5518 a,1
k/4161,1
b/6327 a,1
m/7458,1
c/m/1698,1
b/7269,1
b/1674,1
b/8078,1
k/7776,1
c/b/3791,1
2937,1
2434,1
d/2915,1
c/b/2902 a,1
d/2902 a,1
c/d/2374,1
d/4555,1
c/b/6595 b,1
b/3576,1
859 e,1
4555,1
l/4686 a,1
3512 a,1
i/1875,1
c/m/d/1616,1
d/1875,1
m/d/784,1
8270,1
l/4935,1
c/4414 b,1
c/2853,1
2853,1
l/2550,1
b/1604,1
k/6780,1
b/5716,1
b/8336 b,1
4897,1
c/7242,1
c/5694,1
c/4897,1
l/4410,1
m/899 b,1
2921,1
c/m/3701,1
c/6589,1
1432,1
7986,1
c/7413,1
l/7046,1
5078,1
5083,1
c/7809,1
2016,1
c/b/5414,1
l/2016,1
5178 b,1
c/k/1818,1
c/1333,1
m/2181,1
k/517,1
c/b/8441,1
6985,1
7653,1
k/2677,1
b/6663,1
b/5162,1
m/1285,1
d/83,1
d/5133,1
d/7553,1
3242,1
6851,1
5133,1
3719,1
c/1808,1
m/6170,1
7082,1
k/5060,1
6170,1
i/4422,1
c/b/1129,1
m/6788,1
c/8362,1
c/8524,1
l/730,1
c/k/5315,1
2258 b,1
2326,1
k/2004,1
c/1500,1
m/6041,1
1499,1
d/2654 a,1
i/1870,1
3833 b,1
c/3456,1
m/4082,1
b/5474,1
b/4685 d,1
c/6058,1
c/6772,1
i/l/1875,1
b/4603,1
1117,1
d/b/1870,1
k/4940,1
b/4562,1
c/1305,1
c/d/6586,1
c/6866,1
b/7670,1
c/b/4814,1
d/2314,1
l/4127,1
d/4383,1
19,1
l/1300 b,1
4593,1
258,1
l/7080,1
b/2671,1
b/8655,1
b/3516,1
d/7081,1
d/5850,1
d/8217,1
b/2372,1
b/7080,1
c/7048,1
l/2220,1
6910,1
l/5301,1
l/5413,1
k/2046,1
1656,1
c/m/7676,1
k/2061,1
c/172,1
c/8196,1
5691,1
m/2183,1
2289,1
2871,1
c/2231,1
2231,1
b/6213 b,1
c/7772,1
c/6970,1
2021,1
c/6959,1
c/2154,1
d/6013,1
c/d/7342,1
l/6712,1
4767,1
c/b/7819 a,1
l/1544,1
3583,1
l/1087,1
c/l/957,1
k/2154,1
c/2399,1
1754 a,1
7571,1
c/2457,1
d/4071,1
c/7543,1
d/4841,1
c/d/6106,1
8383,1
c/4263,1
c/6287,1
l/2045,1
l/4769,1
7589,1
l/897,1
c/8165 a,1
c/b/4124,1
b/5358,1
c/k/2534,1
b/5360,1
c/5500,1
c/4239,1
6904,1
m/8229,1
b/6541,1
b/602,1
m/3318,1
k/2723,1
3997,1
m/8149,1
4880 b,1
839,1
b/7553,1
4374,1
c/719,1
7751 b,1
1380,1
c/4419,1
l/6148,1
719,1
c/1575,1
b/4026,1
1719 b,1
5506,1
b/5306,1
c/7215,1
c/3539,1
b/2406,1
c/6436,1
2463,1
c/6785,1
6713,1
2051,1
m/187,1
6219,1
6916,1
b/4627,1
2667,1
l/7396,1
b/3733 c,1
c/3656,1
c/5729,1
3638,1
b/4360,1
b/1545,1
c/b/1595,1
1264,1
c/729,1
b/4819,1
7788,1
d/7751 b,1
c/5801,1
c/2259,1
m/591,1
4880 a,1
c/7139,1
b/5204,1
k/6865,1
k/1822,1
c/4627,1
b/7404,1
4540,1
c/1304 b,1
c/5345,1
4473,1
l/665,1
5544,1
d/7257,1
b/8610,1
c/5976,1
l/4009,1
b/6437,1
c/l/2428,1
1929,1
b/3568 a,1
c/3552,1
b/6716,1
2724,1
m/5297,1
b/4996,1
4996,1
c/4996,1
c/5297,1
c/6364+,1
6364,1
2848,1
d/7665,1
c/5008,1
c/2793,1
c/1362,1
5634,1
b/5589,1
5589,1
k/6288 a,1
k/7562,1
m/6738,1
5969,1
k/8565,1
c/1804,1
c/7515,1
7419,1
6824,1
c/650,1
b/3518,1
b/5774 a,1
5091,1
m/6189,1
b/2851,1
l/6822,1
c/b/5766 a,1
c/b/559,1
c/b/4631,1
c/b/6607,1
2297,1
k/7892 a,1
c/b/2394,1
c/b/6531,1
c/1239,1
k/1243,1
b/650,1
b/4829,1
c/l/6260,1
d/4829,1
c/4950,1
c/4833,1
1274,1
c/b/3802,1
c/b/7161 a,1
l/8077 b,1
c/k/7068,1
m/8135,1
k/8055,1
c/1116,1
b/3282,1
c/7602 b,1
c/d/2723,1
k/6927,1
m/7221,1
l/7921 a,1
d/2490 c,1
c/8570,1
1977,1
c/d/8074,1
c/d/2040,1
d/3002,1
b/6605 a,1
d/4031,1
d/6950,1
l/4929,1
d/8252,1
i/l/7997 b,1
i/l/962,1
c/b/7068,1
c/8338,1
b/4031,1
c/5400,1
c/b/4731,1
c/2629,1
d/6912,1
1997,1
l/6833,1
l/7943,1
c/k/6588,1
k/4011,1
c/5592 b,1
l/352 b,1
m/1406,1
l/361,1
c/7531 a,1
c/d/7531 a,1
c/d/6828,1
c/l/6921,1
k/d/2474,1
c/3957,1
b/352 b,1
c/b/197,1
c/d/8240 b,1
d/7133 a,1
c/d/6607,1
c/d/6763,1
4141,1
l/8484,1
4328,1
l/1864,1
d/3240,1
c/d/1146,1
c/d/1140,1
l/6921,1
c/862 a,1
c/862 b,1
d/331,1
c/d/862 b,1
7824,1
b/6442,1
c/b/2435,1
c/d/8561,1
c/4740,1
m/d/2351,1
c/6763,1
c/d/5646,1
c/d/7341,1
1146,1
k/5982,1
m/d/6921,1
m/d/2691 a,1
1444,1
k/753,1
d/1448,1
1903,1
m/d/6944,1
c/k/4758,1
c/b/6297,1
c/4201,1
c/d/7023,1
c/8498,1
c/4126,1
c/2436,1
c/m/2436,1
c/m/d/5835,1
c/d/2025,1
c/m/d/741,1
c/d/1366,1
c/d/2436,1
c/l/2236,1
c/l/5066,1
b/8334,1
b/3154,1
c/6545,1
c/b/5307,1
c/l/5387 a,1
1646,1
c/1324,1
c/d/1324,1
8506,1
c/d/8255,1
d/4488,1
c/8341,1
d/3734 a,1
m/4945 b,1
c/d/5262,1
c/b/7676,1
c/m/6612 a,1
k/5930 a,1
c/k/4503,1
l/7450,1
d/1865,1
l/3238,1
7000,1
7106 b,1
c/4018,1
d/2918,1
d/1310,1
6379,1
657 b,1
7813,1
d/1552,1
d/6930,1
1728,1
m/5872+,1
5882+,1
5882,1
4894 b,1
k/1710,1
c/1360,1
l/4417,1
l/8644,1
1454,1
1268 a,1
5453,1
2694+,1
2694,1
2703+,1
2703,1
c/l/d/1616,1
8642,1
m/8641,1
c/l/4054,1
c/d/5647,1
1691,1
3818+,1
3818,1
c/5005,1
c/5410 b,1
5040,1
866,1
c/2484,1
1180,1
k/160,1
809,1
c/3739 a,1
c/2563 c,1
c/3963,1
c/535,1
b/2416 c,1
k/7378,1
c/1820,1
k/7235 a,1
b/7036,1
c/3839,1
c/424,1
k/6510,1
l/4709,1
c/7819 b,1
7846,1
k/5253,1
1455,1
k/1653,1
k/4456,1
m/5930 a,1
c/k/2442,1
k/7495,1
c/1590,1
c/b/3585,1
m/644,1
m/3888,1
3945,1
b/693,1
m/2195,1
2097,1
5356 a,1
7616,1
c/5492 a,1
m/4853 a,1
1890,1
c/3342,1
c/b/804,1
4644,1
d/7966,1
3352,1
k/6025,1
k/1063,1
k/157,1
c/m/2032,1
b/5493,1
6784,1
1238 a,1
l/6529,1
k/2896 b,1
k/7219,1
l/5697 a,1
c/3649,1
l/804,1
1317,1
k/7110 b,1
5932,1
b/631,1
5868 a,1
8020,1
1009+,1
1009,1
b/7837,1
c/l/6456,1
8637,1
l/4878,1
k/126,1
k/6636,1
b/5892 a,1
b/3585,1
c/b/4820,1
c/l/6485 a,1
k/4611,1
c/b/202,1
7578,1
k/8394,1
m/699,1
8514,1
k/4830,1
k/5246,1
b/4866,1
6987,1
5164,1
6500,1
c/2030 b,1
k/1265,1
6602,1
d/1961,1
c/4973,1
l/7111,1
421,1
k/1330,1
3755,1
c/8598,1
c/k/7701,1
5685,1
6507,1
4053,1
4460,1
c/k/6571 a,1
1766,1
c/b/6685,1
c/b/1065,1
c/b/4553,1
m/2315,1
d/6830,1
c/5490,1
6709,1
d/4175,1
c/d/2625,1
c/d/1501,1
c/8490,1
c/b/8300,1
c/d/3207,1
d/1576,1
c/4261,1
d/3125,1
l/7615,1
c/4211,1
l/7420,1
d/2523,1
5789,1
7783,1
c/4599,1
c/123,1
b/5349,1
m/8620,1
m/1237,1
m/795,1
m/831,1
l/7875,1
b/7588,1
c/2634,1
k/437,1
c/m/970,1
l/5139,1
5995,1
m/7031,1
c/7031,1
i/7580,1
c/2964,1
c/6217,1
d/686,1
915,1
b/6285,1
c/b/1833,1
d/7019,1
c/5486,1
b/6793 a,1
1729,1
c/6556,1
d/2038,1
m/2557 a,1
5356 b,1
c/2640,1
l/7105 a,1
c/2513 a,1
k/181,1
m/8316,1
7808,1
l/205,1
6743 a,1
d/1082,1
1318,1
c/651,1
b/6116,1
c/2172,1
5522,1
4432,1
3594,1
2579+,1
2579,1
d/5077 b,1
c/5628,1
d/6527,1
b/4219,1
4797,1
8374,1
c/5635,1
7447 b,1
l/7219,1
7161 b,1
m/l/935,1
d/3954,1
3954,1
951,1
c/1103,1
c/l/7673 a,1
c/d/7676,1
l/6994,1
c/l/5791,1
c/4651,1
k/60,1
c/d/970,1
d/3730,1
c/92,1
m/7024 b,1
b/3531,1
c/6923,1
c/2034,1
4710,1
4204,1
m/6993,1
5235,1
d/6563,1
c/3886 a,1
k/3808,1
c/1814,1
d/2426,1
b/5614,1
c/d/591,1
d/4419,1
c/3124,1
d/5600,1
c/7290,1
d/2259,1
6245 b,1
b/s/l/4310,1
b/s/l/7945,1
d/5591 a,1
m/2197,1
l/7095,1
l/1709,1
d/7150,1
m/2940,1
7021,1
l/3124,1
2759,1
s/1121 a,1
c/d/6010,1
l/4302,1
l/1516,1
m/868,1
c/60,1
b/1036+,1
1036,1
8208,1
6630,1
1018+,1
1018,1
5979,1
4796,1
7573,1
l/7409,1
4182+,1
4182,1
l/391,1
7317,1
5093,1
l/7728,1
c/865,1
2930 b,1
c/2256 d,1
c/8267,1
l/3196,1
c/l/7941,1
1223,1
d/1699 a,1
1949,1
c/k/1320,1
7037,1
d/8582,1
m/2377,1
m/7080,1
d/8581,1
c/d/1972,1
d/4475,1
i/4428,1
k/5995,1
c/4163,1
c/d/386,1
i/6923,1
c/6800 a,1
i/786,1
i/2135,1
c/b/3599,1
c/3445,1
k/625,1
1063,1
b/7966,1
c/5686,1
k/2312,1
m/4534,1
3998,1
b/441 a,1
m/7901,1
b/2545,1
k/2119 a,1
5151,1
d/512,1
c/5201,1
b/5492 a,1
c/b/8183,1
b/2740,1
c/d/6697,1
c/b/7858,1
c/k/5435,1
4132,1
6327 b,1
k/1347,1
8529,1
6393,1
c/d/1265,1
7477,1
d/5526 d,1
5090 b,1
k/1295,1
l/8498,1
950,1
c/4003,1
c/6375,1
c/2479,1
l/3715 a,1
1484,1
l/3833 a,1
6563,1
1725,1
l/1472,1
b/2183,1
b/3785,1
4626,1
k/7210,1
i/3190,1
l/1473,1
4404,1
m/3556,1
3218,1
4502,1
c/2951,1
k/1462 a,1
6335 b,1
3545,1
2265,1
6127,1
c/d/4116 a,1
c/7613,1
m/5246,1
c/2300 a,1
m/2061,1
l/2555,1
4041,1
4890,1
l/3198,1
2890,1
b/1104,1
k/7431,1
b/4365 a,1
l/4365 a,1
c/874,1
6075 a,1
5115 b,1
5671,1
c/3714,1
2573,1
4589,1
c/7022,1
l/2265,1
2253,1
c/4128,1
3572,1
i/b/5104,1
5783,1
7315,1
5951,1
7538,1
b/7517,1
b/4445 b,1
d/5472,1
d/1801,1
m/d/1389,1
d/4389,1
5187,1
b/5216 a,1
d/7087 a,1
c/4118 a,1
c/3894,1
7197 b,1
c/7197 b,1
6131 a,1
3741,1
c/1421,1
4476,1
c/4379,1
b/3730,1
731,1
d/5947,1
4769,1
1633 a,1
6348,1
900,1
6658 b,1
l/5706,1
6282 a,1
l/1361,1
m/4150,1
l/7937,1
l/2527,1
c/d/7936 b,1
b/4400,1
i/6942,1
i/2930 a,1
m/2962,1
l/2834,1
c/b/1259,1
b/4035,1
2392,1
c/k/4611,1
7627,1
b/4699,1
8320,1
l/4058,1
c/k/4100,1
d/7997 b,1
b/892,1
c/d/7854,1
l/7853,1
d/977,1
181,1
6674,1
d/6674,1
4254,1
6797,1
d/6797,1
b/3091,1
4108,1
4166,1
l/5216 a,1
d/1543,1
d/7222,1
6804,1
d/7324,1
d/1589,1
d/7564,1
c/l/2007,1
k/3671,1
4369,1
1261,1
554,1
d/7838,1
c/d/3836,1
c/d/1261,1
d/8486,1
c/d/554,1
m/2469,1
c/d/5850,1
l/2494,1
c/l/2900,1
c/l/3048,1
c/l/2581,1
b/3691,1
8272+,1
8272,1
c/7278+,1
7278,1
i/1058,1
5144 a,1
i/6684,1
c/7339,1
c/3207,1
b/7107,1
c/l/2470 b,1
2317,1
c/1834,1
c/2742 d,1
c/5804,1
m/5804,1
c/8251,1
k/441 b,1
k/2983,1
4675,1
c/4915 b,1
l/1225,1
d/8615 b,1
5264,1
2385,1
c/b/4801,1
c/m/804,1
d/1208,1
2256 c,1
973 a,1
c/d/3582,1
d/3366,1
d/2256 c,1
d/264,1
196,1
d/3582,1
d/5289,1
7478,1
4614,1
b/8541,1
b/5788 a,1
556,1
k/3595,1
c/k/3940,1
b/5995,1
d/3782,1
k/5594,1
d/3173,1
k/4843,1
d/4553,1
k/4553,1
1910+,1
1910,1
c/l/5079,1
d/6819,1
k/974,1
682 b,1
7087 b,1
c/7087 b,1
c/b/2779,1
l/7417 c,1
c/7213,1
l/m/8179,1
d/6434,1
c/2764 a,1
b/2356,1
k/4046,1
c/l/2287,1
4698,1
3669 b,1
4401,1
l/8568,1
l/6346,1
6999 b,1
c/5108 b,1
m/4972,1
c/603,1
2278,1
c/6597,1
c/k/1287,1
c/2212,1
c/k/3701,1
c/k/8141,1
b/3784,1
c/b/5003,1
c/b/7650,1
c/b/6231,1
i/6906,1
c/d/8641,1
b/3994,1
6941,1
c/6072,1
7283,1
c/b/2740,1
b/7461 b,1
d/5155,1
1901,1
7773,1
l/2962,1
k/6793 c,1
536,1
7811,1
3568 b,1
c/k/8537,1
l/1814,1
l/7673 a,1
6792,1
c/504,1
4192+,1
l/1790,1
7913,1
4172 b,1
b/7350,1
b/4209,1
c/8496,1
b/3993,1
l/2489,1
l/2414,1
2414,1
b/6099,1
3512 b,1
c/1790,1
d/8356,1
6461,1
m/603,1
b/5948,1
2149,1
4116 b,1
8231,1
1825,1
m/2465,1
c/6840,1
l/5768,1
b/6974,1
2391,1
c/4146,1
2824,1
c/1300 a,1
7232,1
c/m/8130,1
l/4937 a,1
1399,1
d/247,1
c/2727,1
l/3915,1
c/b/7097 a,1
c/8622,1
m/2535,1
d/2530 a,1
7691,1
m/5641,1
m/2086,1
c/m/6726,1
1713 b,1
c/5749 a,1
c/b/3444,1
c/782,1
b/4340,1
m/3444,1
k/2789,1
4455 b,1
c/l/6083,1
k/3738 a,1
360,1
c/m/7161 a,1
6039,1
c/b/7768,1
b/4999,1
c/4938 b,1
7310,1
l/4820,1
5808,1
c/3476,1
c/l/5608 a,1
l/2372,1
b/5278,1
c/l/1239,1
c/3307,1
c/k/7455,1
c/m/7892 a,1
c/7540,1
c/8303,1
c/b/1964,1
b/7959,1
l/2042,1
i/3034,1
i/5046,1
l/4234,1
c/l/7934,1
c/m/7291,1
m/7407,1
1629,1
b/7581,1
b/2725,1
7438,1
k/6505,1
b/4964,1
l/1102,1
k/5067,1
l/3176,1
b/8138 a,1
c/2519,1
b/7722 b,1
m/2389,1
m/1497,1
k/7453,1
k/57,1
c/b/6761,1
5222,1
b/2611,1
3934,1
m/7722 a,1
m/3715 a,1
7282,1
d/1431,1
b/d/8064,1
k/2042,1
m/1880,1
c/k/3418,1
b/6743 b,1
c/6035,1
k/3368,1
k/4853 a,1
m/5100,1
c/5367,1
k/2795,1
c/k/483,1
b/4131,1
l/6761,1
4269,1
b/5704,1
b/1901,1
2310,1
c/2465,1
m/8409,1
d/3121,1
7295,1
c/7750,1
m/5608 a,1
c/2401,1
1741,1
m/d/5769,1
b/5519,1
c/2769,1
4706,1
6794,1
4493,1
b/6757,1
c/3906,1
3039 b,1
7370,1
m/2270,1
7102,1
4482,1
b/3368,1
7694,1
m/4865,1
l/7553,1
7464,1
b/4171,1
c/b/4131,1
5131,1
l/2430,1
6448,1
c/1900,1
6120,1
d/7845,1
c/1198,1
c/6736,1
4359,1
m/5920,1
1848,1
c/b/2399,1
c/b/5640 a,1
b/231,1
c/m/7950,1
m/2399,1
k/8593,1
b/1942,1
c/b/1369,1
b/5564,1
l/8324,1
c/b/341,1
m/8467,1
6125,1
c/7461 a,1
4655,1
5584,1
m/5591 a,1
8496,1
b/7285 a,1
3451,1
c/6672 a,1
m/7128,1
4260,1
c/7128,1
6609,1
3053,1
b/270,1
5112,1
b/4997,1
b/5612 b,1
3833 a,1
l/6471,1
4459,1
3988 b,1
7642,1
8557,1
5309,1
m/6466,1
b/8324,1
c/m/423,1
c/m/3585,1
l/657 a,1
760+,1
760,1
6480,1
8653,1
7189 a,1
2050,1
k/7023,1
d/1760 a,1
c/b/1498,1
3642,1
c/1880,1
l/7722 b,1
5534,1
m/5475,1
m/7285 b,1
2665,1
m/226,1
c/6153,1
1418,1
b/7241,1
c/4570,1
d/5637,1
4157,1
l/7310,1
c/7318,1
k/5086,1
1749,1
c/1781,1
b/4583,1
b/3574,1
6707,1
c/5116 b,1
8240 a,1
c/84,1
b/3422,1
2742 d,1
b/6566,1
7949,1
b/6756 a,1
7520,1
8136,1
l/4190,1
c/l/3069,1
b/817,1
m/4688,1
4480 b,1
7277,1
b/7518,1
2831,1
m/4720,1
c/8592,1
b/3121,1
4613,1
c/7641 a,1
l/200,1
c/m/4615,1
332,1
c/5136,1
b/1267,1
c/l/6772,1
c/3510,1
c/2556 c,1
1491,1
2439,1
5615,1
c/7872,1
2222 b,1
m/8496,1
c/m/2555,1
6451,1
l/1249,1
b/1984 c,1
193 a,1
4167,1
b/5945 b,1
b/2513 b,1
m/6974,1
b/5782,1
7369,1
b/136,1
b/3781,1
c/3597,1
l/1984 c,1
m/4161,1
4538,1
b/8004,1
l/4172 a,1
8109,1
6470,1
l/7521,1
d/656,1
2589,1
b/1534,1
c/6119,1
b/4912,1
k/8415,1
m/8378,1
b/928,1
8428,1
c/6854,1
l/2625,1
b/1259,1
c/8256,1
b/2602,1
l/1259,1
l/7565,1
c/2195,1
l/1698,1
c/b/6456,1
c/b/5159,1
k/3463,1
c/b/7626,1
7991 a,1
c/717,1
3765,1
c/3657,1
5273 b,1
b/3677,1
b/3084,1
m/5447,1
m/1731,1
c/m/6697,1
b/2825,1
k/120,1
c/k/259,1
c/3459,1
c/1905,1
1381,1
c/5983,1
k/4080,1
k/5516,1
k/2985,1
1828,1
k/6159,1
c/k/2062,1
c/k/2078,1
c/k/6759,1
k/1534,1
c/k/3852,1
c/b/5492 a,1
c/1866,1
d/1056,1
m/2428,1
5605,1
m/1752,1
l/3690,1
c/5546,1
3248,1
c/6865,1
k/2490 b,1
l/7440,1
353,1
i/l/4191,1
b/11,1
5388,1
6323,1
l/387,1
2626,1
b/7721,1
k/8121,1
k/3394,1
m/2892 b,1
1793 b,1
c/821,1
1899,1
c/7296,1
1468,1
2440,1
c/k/3374,1
b/84,1
c/5507,1
m/2671,1
b/652,1
m/6986,1
7736,1
c/7233,1
c/8011,1
c/5061,1
c/6620,1
c/8577 b,1
c/l/2167,1
b/6524 a,1
k/7214,1
b/7790,1
k/8558,1
c/7488 b,1
1796,1
i/5193,1
i/3256,1
c/m/8451,1
l/8252,1
d/2266,1
b/2158,1
4278,1
c/8443,1
c/3006,1
k/4808,1
4531 b,1
b/457,1
5120,1
l/8426,1
b/7445,1
7750,1
b/539,1
k/3644,1
m/398,1
l/6893,1
k/3563 b,1
c/8249,1
d/6199,1
d/5545,1
d/7646,1
k/2399,1
k/1361,1
k/7368,1
k/7355,1
k/8008,1
d/7136 b,1
7398,1
6073,1
m/5944,1
l/6670 b,1
l/3277,1
l/8227 a,1
d/3715 a,1
d/5027,1
c/7460,1
l/3446,1
m/4467,1
l/5230,1
c/3218,1
48,1
c/4171,1
c/981,1
m/2822,1
m/7825,1
c/m/4691,1
l/1827,1
c/2814,1
4231,1
l/6774,1
l/4420,1
c/7854,1
l/2401,1
m/2723,1
k/4055,1
c/l/4206 a,1
c/d/1696,1
m/6685,1
4891,1
3208,1
4442+,1
m/8052,1
b/6862 c,1
d/1361,1
d/8213,1
3937,1
2496,1
l/4599,1
4184,1
c/4712,1
8408,1
l/4147,1
d/523,1
k/1682,1
c/l/4194,1
b/5027,1
b/3925,1
1638,1
l/8375,1
d/7686,1
m/8424,1
b/5715,1
b/5410 a,1
l/3374,1
l/6490,1
b/7342,1
b/5713 b,1
2676,1
2954,1
k/4997,1
b/7008,1
8502,1
m/4941,1
4452,1
m/6490,1
c/m/6490,1
5588,1
m/7664,1
c/l/565 a,1
6608,1
2968,1
c/4689,1
l/7878,1
m/5713 b,1
m/5715,1
c/l/5769,1
190,1
l/4609 b,1
s/2266,1
s/8033,1
7962,1
s/2603 a,1
d/3933,1
d/937,1
l/1349,1
b/2734,1
d/2121,1
d/6341 a,1
b/3826,1
c/d/5186,1
d/205,1
7870,1
k/2492 b,1
d/2232,1
4901,1
d/6089 a,1
k/2671,1
d/5271 a,1
k/8363,1
s/6927,1
c/2683,1
6014 a,1
m/4615,1
d/5547,1
c/l/1697,1
c/b/6381,1
8153,1
7444,1
s/5975,1
l/5459,1
l/7554,1
l/1504,1
l/1506,1
s/b/8216,1
b/2142,1
c/8437,1
m/7892 a,1
s/7999 a,1
s/1580,1
l/7454,1
c/7252,1
c/6924 a,1
5266,1
c/3331,1
k/2825,1
k/219 a,1
5526 c,1
6108,1
1564,1
7454,1
l/4209,1
c/b/8618,1
6090 a,1
5919,1
l/1760 a,1
3970,1
2162,1
b/4113,1
l/4073,1
8108,1
1817 a,1
l/5953 a,1
b/4516,1
b/4364 b,1
l/7128,1
d/7286,1
l/1892,1
1299,1
d/6475,1
k/5195,1
4200,1
m/2177,1
2177,1
503,1
s/3068,1
c/l/1420,1
c/2210,1
d/3721,1
s/369,1
6250,1
s/410,1
7664,1
2210,1
l/6094,1
b/7785,1
3713 b,1
k/665,1
k/6595 a,1
c/7008,1
7319,1
b/8629,1
c/4234,1
b/4482,1
8088 a,1
l/6612 a,1
c/2420,1
c/6060 b,1
l/5355 a,1
k/3381,1
m/5410 b,1
6612 b,1
l/8433 b,1
b/343,1
k/7584,1
c/m/4156,1
k/3701,1
c/k/4301,1
d/8056,1
b/8419,1
c/7922,1
7500,1
l/8270,1
m/1952,1
c/m/7225,1
618,1
c/k/1,1
m/5505,1
c/m/2742 d,1
c/2580,1
c/m/7722 b,1
b/3689,1
m/3921,1
c/5116 a,1
c/l/6041,1
c/l/6035,1
c/3173,1
b/4148,1
k/653,1
c/3891,1
c/2509,1
k/3939,1
l/394,1
c/6089 a,1
c/3280,1
c/7292,1
c/8572,1
5244,1
4448 b,1
b/1980,1
m/2513 b,1
i/2846,1
d/1513,1
l/1590,1
c/4129,1
822,1
b/6612 a,1
c/5637,1
c/681,1
l/7836,1
7234,1
2405,1
330,1
174,1
b/159,1
d/3677,1
b/2506 b,1
k/7794,1
c/k/5914,1
k/4116 a,1
c/4669,1
c/6141,1
1344,1
6276,1
4659 a,1
b/553,1
b/5810,1
525,1
b/8398,1
c/8191,1
l/8245,1
1610,1
3687,1
6615,1
d/3474,1
b/6012,1
b/2638,1
k/7814,1
k/2558,1
d/6102,1
6800 b,1
c/b/1942,1
c/b/6310,1
m/3476,1
c/k/5929,1
m/3513,1
k/4094,1
c/l/3289,1
c/7423 b,1
2760,1
6589,1
4787,1
c/b/8057,1
b/7814,1
l/838 a,1
4195,1
1927,1
7333,1
c/7116,1
c/7538,1
c/2617 b,1
c/b/8393,1
c/11,1
c/b/6094,1
c/4103,1
c/750,1
k/4881 a,1
2312,1
l/2638,1
b/4617,1
4633,1
l/4617,1
c/b/3374,1
6425,1
3783,1
404,1
6867 a,1
c/5372,1
6095,1
m/3920,1
2720 a,1
l/343,1
l/5081,1
b/995,1
l/6869 b,1
l/8424,1
1456,1
c/4470,1
c/7119,1
l/8378,1
l/4112,1
c/k/2346,1
4245 a,1
c/4079,1
k/1280,1
l/7489 b,1
b/8269,1
c/1812,1
6103,1
1632,1
l/7686,1
c/4112,1
m/2779,1
c/235,1
6443,1
c/b/8458,1
c/l/6601 a,1
973 b,1
3216,1
l/4195,1
2019,1
2054,1
c/2134,1
b/6064,1
c/b/7919 a,1
3711,1
m/6239,1
c/m/2091,1
6791,1
b/7326,1
l/1847,1
7189 b,1
c/6906,1
b/8628,1
b/6148,1
2823,1
l/3898 b,1
7915,1
b/3930,1
8176,1
d/5273 a,1
l/7922,1
b/2400,1
b/5433 a,1
b/2151 b,1
c/2151 b,1
c/7168,1
5124,1
b/8055,1
c/875,1
k/2863,1
17,1
2448,1
l/309,1
b/3563 a,1
c/k/6848 b,1
6567 b,1
c/k/7901,1
2260,1
c/5273 a,1
l/2027,1
b/7563,1
c/6365,1
c/6257,1
c/i/6601 a,1
7063,1
c/1444,1
l/7312,1
l/6011,1
m/8213,1
b/3637,1
c/5475,1
2616 b,1
8598,1
655,1
c/2481,1
k/6793 b,1
b/4991,1
4650,1
7465,1
4154,1
5427,1
c/4726,1
c/2714,1
4623,1
c/k/4306,1
k/1866,1
l/5774 a,1
4964,1
m/6455,1
k/6887 b,1
b/4773,1
6892 a,1
6735 b,1
c/6102,1
k/3856 b,1
c/b/369,1
l/1513,1
l/2787,1
b/4860,1
4072,1
c/5192,1
d/2344,1
395,1
c/7858,1
5390,1
c/7463,1
1812,1
5464,1
4110,1
3806,1
d/191,1
b/4388,1
b/5940,1
c/1767,1
c/b/8636,1
b/7816,1
b/5970,1
5098,1
l/1952,1
2639,1
310 b,1
m/2505 b,1
c/b/4910,1
b/268,1
8501,1
b/4658,1
6445,1
4497,1
94,1
3348,1
c/401,1
b/2651,1
c/m/6675,1
c/3979,1
l/5936,1
c/6115,1
c/936,1
l/3349,1
b/5959,1
c/5036,1
d/5244,1
8227 a,1
8079,1
2223,1
8495,1
510,1
4330,1
c/l/7336,1
176 b,1
l/483,1
2475,1
c/1777,1
b/2656,1
k/591,1
b/3601,1
c/2289,1
l/3669 b,1
6104,1
d/2580,1
d/3308,1
d/2600,1
c/d/860,1
c/b/5288,1
l/1623,1
c/6691,1
d/3511,1
c/d/3915,1
5105,1
6053,1
3650,1
d/6264,1
k/5309,1
k/5768,1
3019,1
l/6001 a,1
m/4301,1
3690,1
c/8537,1
c/375,1
c/m/7307,1
5421,1
b/5587 b,1
c/7461,1
8185,1
i/582,1
m/433,1
c/b/4397,1
8417,1
m/1242,1
m/3468,1
m/6791,1
c/m/127,1
l/5999,1
b/6193,1
c/k/3915,1
l/7701,1
c/l/3720,1
c/m/2416 c,1
b/3624,1
c/1962,1
3886 b,1
i/5101,1
1600,1
8602 a,1
b/7388,1
2495,1
k/1741,1
c/5539,1
b/2427 b,1
5153,1
l/4523,1
d/6937,1
2215,1
3943,1
2866,1
c/m/3581 b,1
7809,1
d/l/3198,1
c/k/7916,1
c/4059,1
5076,1
7280 c,1
c/3988 b,1
708,1
i/3220,1
c/m/2384,1
4267,1
l/4645,1
i/410,1
l/2714,1
c/m/3820 a,1
i/1342,1
260,1
6990,1
7373,1
d/6275,1
d/7264,1
6426,1
l/2775 a,1
5906,1
c/3598,1
2862,1
b/8183,1
4472,1
l/3581 b,1
l/4531 a,1
16,1
2907,1
c/2141,1
b/1253,1
5354,1
i/k/3117,1
6087 b,1
k/2461,1
c/k/1385,1
c/b/6106,1
5526 f,1
c/7202,1
c/1342,1
5468,1
i/7230,1
l/8454,1
d/2714,1
m/3971 b,1
c/m/6672 a,1
5774 b,1
k/1242,1
4646,1
l/3940,1
l/6248,1
3559 b,1
l/4571,1
c/987,1
l/7264,1
b/3453,1
c/386,1
c/4206 b,1
k/1847,1
i/6440,1
k/2048 b,1
l/1354,1
c/262,1
d/5929,1
k/7538,1
c/5243 a,1
m/2931,1
c/3127,1
c/b/6083,1
m/7381,1
c/2950,1
7833,1
5599 a,1
c/6819,1
i/7223,1
i/b/5475,1
7867,1
i/4592,1
7335,1
c/444,1
l/6184,1
l/3593,1
b/5672,1
6371,1
6257,1
4512,1
c/3712,1
7488 a,1
1154,1
i/7093,1
c/5205,1
c/7059,1
5760,1
3399 b,1
c/6327 d,1
4845,1
8609,1
1539,1
c/5953 d,1
l/2201,1
c/7717,1
2193,1
2049,1
c/b/4784,1
m/7922,1
l/2506 a,1
l/4914,1
c/8611,1
m/3708 b,1
c/3338,1
555,1
l/7415,1
7078,1
2933,1
d/4616,1
7632,1
c/4434,1
c/6805,1
m/216,1
c/m/8398,1
5209,1
5220,1
1970,1
4879,1
2114 b,1
c/2603 b,1
c/314,1
5362 a,1
5587 b,1
7863,1
k/2384,1
b/6390,1
3022,1
b/2530 a,1
l/400,1
b/4390,1
5607 b,1
b/3894,1
m/5402,1
m/1465,1
m/4846,1
l/6845,1
k/8596,1
5748,1
c/b/7281,1
k/8401,1
3589,1
c/m/2534,1
7946,1
5845,1
c/4221,1
c/226,1
1430 b,1
7263,1
l/7706,1
i/m/3374,1
c/m/7457,1
d/1157,1
6205,1
c/2329,1
i/734,1
7059,1
7009,1
c/b/6697,1
8443,1
c/7807,1
336,1
b/1252,1
8499,1
d/b/7227 a,1
5848 a,1
b/838 a,1
3953,1
b/7135,1
7372,1
c/m/1097,1
c/5764,1
7791 b,1
6671,1
5008,1
c/433,1
b/4775,1
4988,1
c/k/7218 a,1
l/408,1
166,1
d/7496,1
l/11,1
1099+,1
1099,1
6576,1
2328,1
7322,1
8235,1
c/7482,1
k/5767,1
7953,1
c/k/2563 a,1
c/k/5521,1
344,1
b/2496,1
c/8587,1
b/7718,1
c/5601,1
c/2137,1
7215,1
c/1378,1
c/4901,1
l/7098,1
k/3391,1
b/1984 a,1
2779,1
b/7364,1
1978,1
b/2529 a,1
c/3453,1
l/5787,1
l/6455,1
c/m/8127,1
c/2919,1
b/7105 b,1
l/4456,1
b/1416,1
l/7896,1
3624,1
b/2639,1
c/b/3720,1
d/6207,1
d/6998,1
4408,1
1460 b,1
b/6178,1
c/3710,1
5101,1
5217,1
6526,1
5420,1
l/1942,1
5082,1
c/k/5645,1
c/6207,1
b/6108,1
7738,1
b/1164,1
3860,1
l/7186,1
5701,1
2535,1
l/8577 a,1
7835,1
l/5767,1
c/5235,1
c/b/3709,1
b/7378,1
b/7358,1
m/2656,1
c/m/1488,1
m/7929,1
c/248,1
m/7070,1
c/m/7613,1
c/l/3800,1
6416,1
l/734,1
b/2243,1
c/3162 a,1
890,1
m/6030 b,1
b/347,1
2119 b,1
m/2331,1
c/b/561,1
b/2441,1
m/2563 a,1
c/405,1
2643,1
b/8572,1
c/b/4561,1
c/1466,1
m/1397,1
b/4341,1
c/2092,1
m/7210,1
c/8205,1
c/8192,1
6308,1
7375,1
c/502,1
k/347,1
c/732,1
l/2274,1
c/k/734,1
c/2676,1
4566,1
c/6818,1
d/m/5973 b,1
b/7919 a,1
15,1
6217,1
m/2220,1
m/929,1
b/6580,1
3527,1
c/2331,1
c/l/6466,1
m/6662,1
m/205,1
k/1097,1
c/2611,1
b/5290,1
b/6945,1
b/5607 a,1
i/6186 a,1
b/1222,1
3981,1
5198 a,1
l/108,1
l/4342,1
l/7950,1
1933 a,1
c/b/4585,1
c/m/4215,1
b/4164,1
b/7377,1
2959,1
4657,1
4652,1
m/1864,1
l/7834,1
k/7209,1
925,1
4461,1
b/7442 b,1
b/1518,1
2854,1
i/m/3117,1
5033,1
c/b/2714,1
l/4305,1
c/l/6779,1
96,1
c/3713 b,1
4575,1
4189,1
i/3318,1
4216,1
c/5906,1
4896,1
i/7311 a,1
l/7907,1
b/3332,1
l/4165,1
c/7263,1
i/6679 a,1
l/3833 c,1
l/6158,1
3277,1
2492 a,1
b/1250 b,1
6171,1
l/1995 a,1
3491,1
3387,1
i/14,1
b/8525,1
i/982,1
i/539,1
7443,1
c/5133,1
b/998,1
c/l/7392,1
i/3847,1
7483,1
d/7493,1
5170 a,1
l/6343,1
7439,1
c/7267,1
c/m/7350,1
i/m/998,1
82,1
5322 b,1
l/8486,1
5966,1
3250,1
c/1915,1
b/2934,1
930,1
c/202,1
b/8306,1
2654 b,1
k/4300,1
944,1
c/1207,1
b/4170,1
100,1
c/b/2336,1
i/7235 a,1
i/3772,1
2271,1
b/7905,1
c/b/6767 b,1
c/2433,1
b/3718,1
7448,1
5846,1
k/6079,1
3590,1
m/5156,1
k/1731,1
1750,1
1670,1
4651,1
m/7667,1
4551 b,1
c/8302 a,1
7539,1
8455,1
l/7494,1
3591,1
2303,1
k/5518 a,1
k/4841,1
l/7872,1
4915 a,1
2844 a,1
b/6419,1
7658,1
3224,1
7103,1
7163+,1
7163,1
m/5390,1
c/5000,1
7840,1
s/7805,1
s/l/4100,1
k/5844 a,1
1429,1
l/5484,1
b/8447,1
b/2737,1
5351,1
s/d/4428,1
b/4524,1
d/3724 c,1
1266,1
2261,1
c/1714,1
b/809,1
b/8598,1
3796,1
6692 b,1
d/2762,1
d/5339,1
d/2159,1
2590 a,1
6291,1
c/d/1612,1
1336,1
s/5674 a,1
s/4672,1
k/8490,1
81,1
s/l/8010,1
668,1
7507,1
4817,1
7528,1
b/5850,1
s/5849 b,1
2861,1
d/7094,1
c/4057 a,1
l/8530,1
c/3971 b,1
6060 b,1
m/6677 b,1
6508,1
3724 c,1
c/3750,1
717,1
1313,1
3293 b,1
s/7218 a,1
7447 a,1
2936,1
d/4514,1
7289,1
s/2470 a,1
c/122 a,1
1713 a,1
8534,1
k/6158,1
4402,1
k/6170,1
4840,1
b/8658,1
6247,1
l/6170,1
c/l/3950,1
k/8656,1
k/3389,1
d/7353,1
c/5959,1
k/3842,1
k/2535,1
93,1
i/6524 a,1
d/7759,1
b/7759,1
k/4246,1
2542,1
2481,1
542,1
8326,1
101,1
d/5469,1
d/4197,1
5473,1
1337+,1
1337,1
k/3760,1
c/1803 a,1
k/713,1
b/7298 b,1
b/8588,1
l/8558,1
l/811,1
b/8558,1
b/5577,1
k/811,1
l/4339,1
1680,1
b/3723,1
d/5563,1
d/1736,1
d/7544,1
m/6071,1
7514,1
d/8598,1
l/3518,1
s/1696,1
b/1174+,1
1174,1
5702,1
4755,1
c/7387,1
c/l/5281,1
4129,1
b/7641 b,1
b/6016 a,1
l/5234 a,1
b/2558,1
c/6642,1
d/6653,1
c/2251,1
k/374,1
m/7648,1
l/3618,1
b/5291,1
4130,1
b/2958,1
d/4304,1
d/8545,1
d/8584,1
l/3630,1
c/4248,1
c/m/8179,1
k/7354,1
c/k/3812,1
2032,1
c/l/3557,1
d/7934,1
l/5281,1
8009,1
c/8012,1
c/1832,1
4868,1
l/5206,1
2107,1
b/7757,1
b/400,1
k/4341,1
8244,1
l/1330,1
6887,1
5743,1
c/2554,1
7900,1
m/1104,1
c/8602 a,1
c/4065,1
s/6960 a,1
565 b,1
6314,1
2949,1
c/8513,1
5640 b,1
b/1496,1
c/6582,1
k/4307,1
b/3629,1
b/4844,1
c/1638,1
b/2687,1
3728,1
c/2186 a,1
m/7965,1
l/6960 a,1
c/3175,1
c/1748,1
c/3013,1
l/1792,1
l/5791,1
596,1
5501,1
c/3973,1
d/7612,1
2014,1
l/7309,1
l/7775,1
5792,1
c/7012,1
4485,1
4044,1
8381,1
d/3800,1
d/3368,1
d/5537,1
b/6337,1
l/5035 a,1
3283,1
k/3283,1
l/4574,1
830,1
6705,1
1508,1
m/7815,1
6821,1
m/2491 a,1
m/8570,1
7362,1
b/7667,1
5132 a,1
b/6836,1
b/7825,1
2911,1
m/5058,1
4234,1
s/8074,1
s/d/5158 a,1
c/2642,1
c/5531 a,1
7475,1
l/4900,1
c/l/270,1
b/5531 b,1
c/6508,1
c/5459,1
c/d/4082,1
c/8588,1
7705,1
c/7705,1
c/5531 b,1
s/3426,1
d/5531 b,1
k/3504,1
c/d/3684,1
s/4745,1
k/4745,1
b/s/3528,1
s/3240,1
i/2450,1
c/s/2449,1
l/2976,1
d/5999,1
s/5999,1
c/b/3788,1
c/b/7475,1
s/1931,1
2363 b,1
s/2896 a,1
c/l/2398,1
c/l/3664,1
l/6131 a,1
l/6555,1
l/2263,1
m/2263,1
l/7167,1
l/2814,1
l/1639,1
s/3372,1
c/4195,1
c/d/3605,1
s/3528,1
m/2896 c,1
c/6045,1
c/l/337,1
c/d/2339,1
d/8027,1
b/4120,1
c/7475,1
m/s/5087,1
c/1499,1
7212,1
7207,1
c/d/7647,1
l/3462,1
b/6045,1
k/s/935,1
s/3212,1
5980,1
6031 a,1
d/5309,1
s/8630,1
s/8623,1
c/d/2416 a,1
m/7814,1
b/7455,1
d/5518 b,1
m/1362,1
s/d/3117,1
c/d/5531 b,1
c/2764 b,1
2808,1
k/d/2450,1
6592,1
c/m/4725,1
s/5060,1
b/s/7945,1
c/l/952,1
c/d/2450,1
c/5652,1
c/l/2889,1
c/l/2931,1
k/2398,1
986,1
s/4191,1
l/7031,1
d/4793,1
c/6294,1
b/4685 c,1
k/s/5307,1
4685 a,1
b/5183 a,1
2070,1
k/s/d/5530,1
k/s/5530,1
k/7684,1
s/3318,1
d/5529,1
b/8216,1
1475,1
5533 a,1
1948,1
c/d/5530,1
337,1
b/8358,1
b/6103,1
4355,1
d/4746,1
c/b/8220,1
b/4093,1
b/1864,1
b/6828,1
k/6106,1
b/3208,1
c/b/4758,1
d/3208,1
c/d/7839,1
c/d/216,1
c/d/3556,1
s/2111,1
c/5791,1
c/988,1
d/2912,1
b/699,1
b/8217,1
d/2913,1
m/1364,1
c/2849,1
d/8247,1
c/5445,1
d/35,1
d/5594,1
d/4002,1
k/s/1961,1
c/d/7307,1
d/6953,1
c/239,1
8626,1
k/1861 b,1
c/k/4930,1
627,1
c/3854,1
3024,1
1055,1
2353,1
3768,1
923,1
c/8336 a,1
c/1858,1
c/5508,1
c/d/8360,1
597,1
l/4104,1
968,1
903,1
c/5,1
2242,1
c/3752,1
b/3804,1
3771,1
8369,1
133,1
4825,1
4826,1
b/4436,1
l/959,1
c/k/1767,1
963,1
b/1881,1
l/7468,1
1919,1
4795,1
b/1314,1
c/b/8562,1
c/b/2088,1
8190,1
2887,1
c/2010,1
l/4082,1
b/545,1
b/4782,1
c/m/2320,1
323,1
c/1065,1
c/l/5493,1
m/5631,1
6575,1
l/8254,1
d/1881,1
c/l/5046,1
c/l/6680,1
3447,1
7305,1
c/2020,1
d/8275,1
c/1246,1
l/2238,1
c/2238,1
b/7596,1
b/1246,1
b/5143,1
c/d/4436,1
m/4960,1
m/635,1
m/1594,1
7918,1
m/2001,1
c/3787,1
c/349 c,1
b/13,1
c/l/4782,1
5510,1
d/323,1
d/7424,1
l/6950,1
c/l/2026,1
d/6696 b,1
6259,1
c/1765,1
c/2353,1
c/8509,1
3054,1
l/7980,1
b/1245,1
c/d/323,1
c/8089,1
c/2027,1
c/12,1
c/b/7800,1
6577,1
1813,1
630,1
6334,1
118,1
743,1
6534,1
747,1
742,1
2055,1
d/2026,1
b/7605,1
c/5118,1
d/6519,1
c/d/2320,1
c/m/60,1
c/4979,1
d/107,1
c/k/2165,1
b/2165,1
c/635,1
d/6685,1
c/3982,1
c/6575,1
l/828,1
m/6598+,1
c/m/3196,1
c/l/2608 a,1
7714,1
c/l/4332,1
4335,1
5664+,1
5664,1
b/6598,1
c/l/7356 b,1
k/1524 b,1
c/2325,1
d/2235 a,1
2235 b,1
c/1840,1
c/l/m/7117,1
k/1840,1
d/825,1
l/2748,1
c/l/825,1
c/l/3778,1
8579,1
608,1
2084,1
3538,1
3007,1
c/826,1
c/3779,1
3358,1
4070 b,1
1149,1
c/7108,1
c/2445,1
5843,1
c/2942,1
2877,1
c/l/2608 b,1
4333,1
c/5839,1
2269,1
c/7359,1
l/1156,1
7606,1
999,1
5994,1
c/5642 a,1
b/2816,1
3029,1
b/320,1
b/2452,1
2306,1
c/1872,1
4577,1
c/3410,1
8243,1
c/4223,1
c/2635,1
k/2298,1
k/5784,1
147,1
7007,1
c/5376,1
l/2906,1
c/4391,1
c/8632 b,1
c/b/3606,1
c/5776,1
c/870,1
k/6523,1
c/2827,1
c/k/6523,1
7490,1
c/7490,1
6353,1
6386,1
5326,1
7118,1
8406,1
b/2234,1
1693,1
1888 b,1
c/5487,1
m/2906,1
c/540,1
c/5208,1
l/5260,1
c/4756,1
l/1541,1
c/4978,1
c/7229,1
c/4483,1
b/8651,1
b/1236,1
1757,1
c/5020,1
l/3673,1
3673,1
c/3744,1
5481,1
3487,1
b/7266,1
c/2528,1
d/6656,1
6263,1
2818 a,1
l/8421,1
4391,1
2528,1
c/6755,1
c/l/1400,1
1401,1
2429,1
l/3729,1
b/5622,1
c/3737,1
c/3831,1
c/861,1
228,1
5267,1
c/1400,1
8429,1
l/1907,1
1888 a,1
c/2257,1
l/1247,1
l/8651,1
1459,1
c/3673,1
c/1907,1
b/1655,1
2761,1
c/5622,1
c/7382,1
c/7804,1
7365,1
c/m/4481,1
7955,1
7739 b,1
7954,1
c/7487,1
c/2031,1
318,1
k/8036,1
598,1
2376,1
2927,1
2110,1
c/7113,1
5426,1
c/921,1
4,1
5111,1
8479,1
c/6853,1
b/6211 b,1
b/1510,1
c/3983,1
7595,1
c/8215,1
8075,1
k/8160,1
c/6074,1
c/4291,1
c/2255,1
c/1510,1
l/7662,1
7011,1
4431,1
b/6665,1
6562,1
c/5758,1
b/2604,1
6033,1
754,1
l/7963,1
l/7118,1
3393,1
b/8632 a,1
5751,1
5487,1
8177,1
k/5403,1
k/6853,1
c/l/7118,1
5191,1
c/l/2417,1
k/3809,1
2804,1
c/k/6634,1
4486,1
8627,1
3255,1
c/7313,1
4567,1
c/735,1
b/1467,1
l/8214,1
3900,1
l/7261,1
c/l/6903,1
b/2939,1
l/3984,1
677,1
c/3790,1
5043,1
1528,1
3797,1
2122,1
2783,1
c/755,1
l/1668,1
5368,1
l/826,1
c/8523 a,1
7672,1
4961,1
5094 b,1
6590,1
c/263,1
280,1
7001,1
c/5094 b,1
l/6590,1
l/8271,1
c/8531,1
l/321,1
c/1923,1
7238,1
c/k/1768,1
c/7308,1
8631,1
l/2103,1
6167,1
c/l/3984,1
5396,1
735,1
1922,1
c/3792,1
c/1836,1
c/6537 b,1
c/8000,1
8625 a,1
b/3977,1
2627,1
6537 b,1
6537 a,1
c/3848,1
c/3745,1
8531,1
b/3916,1
4077,1
c/8648,1
c/6243,1
c/5924,1
5330,1
6246,1
m/6655,1
3272 a,1
7010,1
c/l/8631,1
c/7560,1
c/633,1
c/3551,1
b/5952,1
5049,1
1291,1
c/3029,1
6928,1
c/2604,1
888,1
1079,1
4606,1
8122,1
7712,1
c/7010,1
c/7761,1
c/2857,1
b/5824,1
c/b/5824,1
7261,1
6640,1
c/956,1
2908,1
c/1761,1
c/8139,1
5075,1
b/8238,1
b/5053,1
c/b/927,1
c/k/7127,1
b/7032,1
6088,1
2200,1
d/3202,1
c/5463,1
2136,1
2248,1
2868,1
l/5267,1
c/5267,1
b/426,1
c/l/1358,1
c/5389,1
l/773,1
1635,1
c/7011,1
c/5338,1
c/b/772,1
c/b/4437,1
l/1113,1
1519,1
l/3221,1
3221,1
k/744,1
c/1611,1
5403,1
4804,1
c/5191,1
k/606,1
8578,1
l/1678,1
c/l/7859,1
5967,1
k/5245,1
5776,1
l/2423,1
c/574,1
c/8624,1
c/8128,1
7920,1
2192,1
k/5870,1
c/6268,1
3831,1
k/8517,1
2358,1
k/6015,1
5343,1
1535,1
1815,1
5047,1
c/5312,1
8120,1
c/7240,1
c/5609,1
c/7,1
l/3346,1
785,1
c/754,1
b/2417,1
6050,1
c/6925,1
3735,1
5085,1
581 b,1
c/6902,1
c/2631,1
l/3321,1
c/317,1
2273,1
7129,1
c/3202,1
l/6922,1
2631,1
3652,1
c/1759,1
l/6655,1
c/l/6922,1
1080,1
c/5452,1
c/6387,1
l/8046,1
c/l/7,1
3542,1
b/3821,1
5202,1
1112,1
180,1
d/4628,1
c/k/6105 a,1
m/4704,1
l/6422,1
c/d/6588,1
l/1975,1
d/2195,1
c/b/7962,1
c/d/1242,1
c/d/5547,1
c/d/7621,1
c/8245,1
b/3288,1
2852,1
d/6588,1
c/l/8552,1
c/l/4886,1
c/7620,1
c/2742 c,1
c/b/6695 a,1
c/7093,1
b/7858,1
210,1
c/1472,1
k/8658,1
c/4772,1
b/2244,1
c/l/6031 b,1
c/1963,1
d/7559,1
d/4075,1
c/l/4581,1
l/6539,1
c/k/5975,1
k/4915 b,1
c/l/312,1
m/5342,1
b/8633,1
1925,1
d/7858,1
c/b/4924 b,1
6598+,1
l/4827,1
c/k/314,1
6716,1
b/2514,1
c/b/3852,1
c/l/1305,1
c/l/3835 a,1
c/b/2530 b,1
l/4013,1
c/b/591,1
b/4362,1
b/4703,1
c/l/2763 a,1
643,1
m/3463,1
l/1860,1
2094 a,1
k/2096,1
d/6382,1
b/2416 a,1
c/3835 a,1
l/1486,1
d/5071,1
c/b/4030,1
d/1489,1
l/8339,1
4252,1
8339,1
7480,1
4558,1
3139,1
1402,1
5199,1
4019,1
2286 b,1
2285,1
8073,1
619,1
d/5618,1
532,1
135,1
c/l/8550,1
c/2216,1
4350,1
b/367,1
3651,1
c/l/2796,1
c/l/6876,1
k/7558,1
c/b/3034,1
c/1089,1
c/7936 a,1
7855,1
1312,1
2870 a,1
c/3791,1
c/8638,1
l/783 b,1
1784,1
c/671 b,1
2967,1
670,1
896,1
7801,1
1723,1
5962,1
620,1
c/3358,1
c/3488,1
b/7149,1
8115,1
3890,1
2338,1
c/674,1
4415,1
c/6173,1
749,1
l/2370,1
c/5142,1
c/4083,1
2718,1
b/8115,1
6568,1
c/4776,1
c/4061,1
c/7149,1
c/2095,1
l/5142,1
b/924,1
c/989,1
b/153,1
c/2429,1
c/5013,1
b/3061,1
c/b/3390,1
b/8036,1
2217,1
7598,1
c/3443,1
3136 b,1
5583,1
1147,1
c/116,1
c/k/1836,1
l/3061,1
c/636,1
b/3797,1
c/5673,1
l/7868,1
c/3660,1
c/772,1
m/6928,1
l/3479,1
7265,1
5642 b,1
l/8340,1
8340,1
787,1
c/7470,1
b/307,1
b/1001,1
b/4076,1
4040,1
1799 a,1
1684,1
1685,1
5446,1
5073,1
c/5073,1
2323,1
c/5313,1
c/1946,1
l/870,1
c/5182,1
7352,1
l/5673,1
c/l/7868,1
l/3964,1
c/m/5232,1
5313,1
2818 b,1
c/1798,1
c/563,1
l/5928,1
c/4887,1
k/3983,1
5208,1
l/2417,1
5256,1
c/2211,1
c/426,1
4049,1
l/2255,1
c/7868,1
b/5017,1
c/m/2942,1
c/783 b,1
c/3319,1
l/3393,1
144,1
2597,1
b/2305,1
c/6841,1
5796,1
l/2409,1
l/2402,1
l/4510,1
7625,1
b/6392,1
b/4255,1
k/3792,1
4873,1
m/d/1473,1
3246,1
6572 a,1
l/5831,1
1585,1
l/1946,1
3272 b,1
l/1240,1
c/l/3390,1
c/l/2987,1
c/3272 b,1
4907,1
7066,1
b/3702,1
c/5261,1
4056,1
3191,1
b/7606,1
k/7470,1
c/3984,1
l/6402,1
2819,1
l/5415,1
1490,1
3604,1
3734 b,1
4887,1
c/4416,1
149,1
7109,1
2171,1
8652,1
5412,1
c/6399,1
8200,1
c/1782,1
l/4193,1
l/6065,1
5232,1
c/l/613,1
3131,1
d/6997,1
c/2072,1
c/b/3548,1
c/l/3402,1
c/l/4918,1
s/5414,1
5411,1
c/l/2945,1
l/8274,1
l/150,1
6668,1
2532 b,1
c/5129,1
d/4948,1
l/323,1
m/8181,1
c/2206,1
m/8589,1
c/b/7167,1
c/b/1322,1
l/7604,1
b/5659,1
c/b/5659,1
c/b/819,1
c/l/2859 b,1
c/k/6419,1
c/k/3034,1
1059,1
c/d/2730,1
m/6951,1
c/m/d/1653,1
c/3167,1
c/3402,1
c/1436 a,1
c/818,1
c/5818,1
c/7041,1
7422,1
c/3150,1
c/4326,1
c/5660,1
c/5819,1
6270,1
c/7594,1
c/3636,1
4992,1
3413,1
4572,1
c/177,1
912,1
2057,1
4367,1
8343,1
8298,1
2081,1
c/b/2781,1
c/d/7694,1
c/4970,1
d/6508,1
l/7136 b,1
c/l/3064,1
c/l/2715,1
c/l/5461,1
c/2146,1
d/5570,1
1152,1
c/4514,1
4424,1
c/3036,1
2736,1
d/7546,1
c/5800 b,1
2739,1
7968,1
c/2926,1
d/7975 a,1
5802,1
l/6418,1
942,1
d/5402,1
6420,1
186,1
c/2586,1
6764,1
d/6885,1
d/4663,1
d/6884,1
d/537,1
i/2076,1
d/3615,1
m/6194,1
939,1
l/961,1
c/d/6083,1
m/8482,1
b/6708,1
b/6706,1
c/d/7420,1
c/d/7198,1
c/d/8302 b,1
b/5447,1
c/d/1129,1
c/d/8628,1
b/7420,1
l/4060 b,1
c/4427 b,1
4855,1
m/2781,1
d/4855,1
c/d/1715,1
2684,1
c/m/3018,1
c/l/1654,1
b/3715 b,1
i/376,1
d/5016,1
c/5571,1
c/l/5571,1
l/5129,1
l/435,1
l/2572,1
m/7227 a,1
1479,1
d/3188,1
c/l/3063,1
7485,1
5167,1
4559,1
5149,1
c/5199,1
1041+,1
1041,1
l/6934,1
l/1937,1
2286 a,1
5300,1
5618,1
114,1
c/564,1
c/8550,1
c/d/995,1
c/6043,1
c/223 a,1
c/4332,1
c/2828,1
c/2806,1
c/k/6605 a,1
b/4607,1
3226,1
7678,1
b/4744,1
4924 c,1
2304,1
c/l/7971,1
c/b/8242,1
3662,1
b/87,1
l/5659,1
b/4805,1
5547,1
b/3119,1
b/d/1870,1
c/4478 a,1
c/5727,1
c/k/7356 b,1
c/k/5117,1
c/l/5715,1
c/d/8082,1
c/b/6869 b,1
548,1
4590,1
1084,1
245,1
1148,1
4047,1
2387,1
6043,1
6401,1
7733,1
2812,1
6052,1
c/b/7621,1
d/4728,1
c/4855,1
c/d/1486,1
7133 b,1
c/1061,1
d/6237,1
b/6237,1
6265,1
2382,1
d/8023,1
3133,1
384,1
1373,1
5543 a,1
6421,1
c/6023,1
273,1
d/1419 b,1
d/8462,1
c/5653,1
c/6727,1
c/1658,1
c/548,1
c/6611,1
c/b/1769,1
c/b/3343,1
c/b/3442,1
c/b/4137,1
c/b/1046+,1
c/b/2705+,1
c/b/884+,1
c/b/4368,1
c/b/5884+,1
5884,1
c/b/6881,1
c/b/3412,1
c/5857,1
5041,1
4573,1
1083,1
c/3114,1
5543 b,1
5987,1
1960,1
c/3113,1
c/3111,1
l/8304,1
4811,1
l/568,1
l/7645,1
l/4812,1
2517,1
l/1599,1
l/4509,1
l/4153,1
6408,1
l/5543 e,1
7040,1
l/5987,1
l/2518,1
c/3037,1
d/6542,1
b/624,1
c/b/2598,1
c/b/8426,1
4700,1
c/5820,1
c/8418,1
4450,1
1562,1
4597,1
c/d/8426,1
l/4136,1
l/d/2346,1
l/4026,1
4509,1
c/3156,1
d/6496,1
d/5393,1
l/7225,1
c/l/4643,1
d/2893,1
c/7892 a,1
c/686,1
c/b/4929,1
c/m/5288,1
797,1
1352,1
c/l/7133 b,1
c/l/1061,1
c/7384 a,1
c/5780,1
5858 a,1
4854,1
c/4091,1
c/3435,1
c/7744,1
c/3281,1
c/7141,1
c/201,1
c/1950,1
2566,1
3292,1
c/1873,1
5917,1
3621,1
c/8007,1
c/41,1
c/8092,1
7288,1
684,1
c/6214+,1
3408,1
3475,1
c/715,1
7687,1
c/7687,1
b/3613+,1
3613,1
806,1
c/946,1
c/767,1
c/684,1
l/3396,1
5851,1
4619,1
c/6134,1
c/3047,1
c/51,1
51,1
257,1
4140,1
c/649,1
649,1
3047,1
c/2117,1
l/8348,1
c/l/8348,1
3398,1
l/3398,1
c/6262,1
654,1
c/654,1
c/2503,1
5581,1
c/5581,1
c/3359,1
4337,1
c/8599 a,1
7357,1
3421,1
2771 b,1
c/2771 b,1
3056,1
7276,1
c/1529,1
c/8174,1
7669,1
8647,1
8174,1
4089,1
7724,1
4343,1
1388,1
2780,1
1013+,1
1013,1
l/7732,1
7204,1
2679+,1
d/2679,1
c/d/6336,1
c/d/8126,1
c/d/4954,1
c/d/848,1
c/5200,1
5854,1
c/2680+,1
d/2680,1
8654,1
8101,1
7756,1
m/2575 b,1
l/37,1
l/1340+,1
1340,1
c/4443,1
c/8137,1
1953,1
c/5072,1
c/8019 b,1
c/2807,1
c/169,1
c/2619,1
3142+,1
3142,1
c/3470 b,1
770,1
c/3008,1
c/1282,1
5294,1
c/2396,1
c/5840,1
1939,1
c/6411 b,1
c/6054,1
c/7211,1
c/3189,1
267,1
3855,1
c/3457,1
c/3031,1
6753,1
2364,1
c/l/806,1
c/5292 b,1
275,1
8488,1
d/326,1
6889,1
3328,1
c/869,1
c/6976,1
6036,1
d/6637,1
316,1
2037,1
b/6090 a,1
c/3620,1
7746,1
4243,1
850,1
c/850,1
1051+,1
1051,1
8468,1
5904+,1
5904,1
7397 b,1
2867,1
c/4587,1
2798,1
5900,1
c/5277,1
c/2129,1
8493,1
c/840,1
5834,1
c/4778,1
c/3210,1
3431,1
d/3057,1
3354,1
1332,1
4778,1
5163,1
d/1636,1
7889,1
c/7441,1
1135+,1
1135,1
2105,1
c/1132+,1
1132,1
3922,1
c/3935,1
d/948,1
791,1
c/3137,1
3578,1
c/8315,1
c/3433+,1
3433,1
5196,1
3402,1
4017,1
2536,1
c/l/8096,1
c/b/1090 b,1
c/b/6107,1
c/b/8434,1
c/b/1328 b,1
c/b/2767,1
c/b/1024+,1
c/b/2702+,1
2702,1
c/b/1011+,1
1011,1
c/b/8189,1
c/8507,1
c/4877,1
c/3230,1
c/3144,1
3143,1
6221,1
c/3291,1
c/3439,1
c/5717,1
c/3450,1
c/2124,1
8230,1
438,1
l/6002,1
c/b/2490 c,1
l/1062,1
c/l/5057,1
c/d/1062,1
880,1
b/3187,1
c/1106 a,1
5811,1
8087,1
c/1186+,1
c/8223,1
c/3285,1
c/7652 a,1
c/3140,1
c/3275,1
c/2127,1
2359,1
3386,1
3454,1
3163,1
5661,1
1476,1
8289,1
c/1425,1
c/3195,1
c/5305,1
c/5114,1
s/5973 a,1
c/8149,1
c/3469,1
c/5837,1
c/1938,1
c/3164,1
l/2477,1
c/2249,1
c/2024,1
c/1231,1
c/2228,1
c/3087,1
2979,1
c/43,1
c/617,1
c/287,1
2059,1
5798 b,1
2293,1
m/4494,1
8430,1
1202,1
867,1
7029,1
l/2918,1
2432,1
6228,1
3361,1
1109 b,1
6046,1
4913,1
2712 b,1
2540,1
c/3400,1
c/3181,1
c/3005,1
l/8439,1
675,1
c/5901,1
2160,1
c/3135,1
c/6018,1
c/6068,1
c/5964,1
c/3668,1
c/2133,1
c/300,1
c/8206,1
5893,1
313,1
3185,1
l/2650,1
c/l/8206,1
l/6765,1
6570,1
8329,1
d/4447,1
379,1
291,1
c/3949,1
c/593,1
c/1260,1
c/497,1
c/7803,1
c/5827,1
c/496,1
7609,1
242+,1
242,1
c/7506,1
c/7566,1
c/8520,1
c/8465,1
5295,1
6457,1
c/1118,1
c/6220,1
3160,1
c/3160,1
1987,1
c/3234,1
c/8028,1
c/6000,1
5477,1
c/2774,1
c/7777 b,1
c/1275,1
c/3236,1
c/1936,1
c/8037,1
c/8030,1
c/878,1
c/6462,1
c/690,1
5925,1
c/2592,1
c/7525,1
788,1
c/315,1
5119,1
c/7498,1
c/31,1
c/265,1
c/8197 b,1
c/2361,1
261,1
4506 a,1
284,1
c/7842,1
2366 a,1
1199,1
2321,1
6644,1
4331,1
4445 a,1
3263,1
7634,1
4821,1
c/m/2366 a,1
36,1
c/4936,1
c/8106,1
c/6166 b,1
c/5738,1
c/3472,1
c/2395,1
c/3461,1
c/3152,1
c/3103,1
c/3356,1
c/2067,1
c/462,1
c/1256,1
c/8119,1
c/3473,1
c/5658,1
c/6070,1
c/3301,1
c/8125,1
c/7841,1
c/3298,1
c/2144,1
8039,1
c/4807+,1
c/8390,1
3085,1
c/3085,1
7498,1
6232,1
3262,1
c/2997,1
c/425,1
4381,1
2998,1
c/3080,1
c/4640,1
3170,1
4921,1
c/1230,1
2792,1
c/1559,1
c/2929,1
c/289,1
d/4669,1
c/b/4557,1
c/d/8081,1
c/d/1314,1
d/4842,1
l/1314,1
l/7967,1
d/2281,1
6359,1
8043,1
c/4810+,1
4810,1
c/8475,1
3294,1
c/3294,1
d/5439,1
b/6450+,1
6450,1
c/d/6430,1
8054,1
d/2033,1
5866,1
2466,1
2360,1
d/978,1
2044,1
d/1493,1
7681,1
7940,1
465,1
218 a,1
d/4382,1
5293,1
229,1
4006,1
1905,1
d/1307,1
5721,1
7877,1
d/4981,1
5814,1
d/6254,1
8091,1
d/6200,1
d/8491,1
d/4233,1
c/3403,1
c/3145,1
493,1
c/3495,1
c/3300,1
d/4677,1
l/6860,1
d/8094,1
d/1395,1
c/1294,1
c/3460,1
d/1452,1
498,1
c/1183,1
c/8114,1
c/3134,1
c/3434,1
c/3132,1
d/1446,1
738,1
c/k/6643 b,1
4925,1
4344,1
1428,1
l/3162 a,1
l/7411 b,1
c/m/4519,1
m/4519,1
k/4264,1
m/2074,1
c/l/5737 a,1
c/m/5321,1
b/6793 c,1
c/m/836,1
b/8003,1
c/b/1581,1
c/6778,1
3592,1
1963,1
c/1182,1
d/6807 a,1
l/222,1
b/4133,1
6984,1
1122,1
c/3268,1
c/5815,1
c/7645,1
c/6022,1
c/3174,1
3736,1
b/4598,1
c/m/4467,1
c/2304,1
c/2621,1
c/m/4908,1
c/l/m/3117,1
k/8448,1
l/5324,1
c/m/2880,1
c/m/3560,1
c/7798,1
l/2586,1
d/4667,1
l/7936 b,1
c/m/6678,1
c/7780,1
7780,1
c/7787,1
c/b/4050,1
5598,1
m/3211,1
3902,1
411,1
l/5381,1
c/k/7843,1
l/4046,1
c/771,1
5084,1
c/l/4226,1
d/6722,1
c/8253,1
c/2241,1
c/2381,1
2126,1
c/2125,1
c/3360,1
c/l/5560,1
c/l/7550,1
c/l/4227,1
c/l/7246,1
4884,1
l/385,1
l/3080,1
l/8188,1
l/4441,1
l/4326,1
l/6976,1
l/3442,1
l/475,1
l/3356,1
l/2647,1
l/3428,1
l/564,1
l/2387,1
l/d/6483,1
l/6611,1
l/3168,1
l/1577,1
l/1806,1
l/4590,1
l/7345,1
3360,1
8053,1
3269,1
l/3269,1
c/7719,1
c/5681,1
l/4249,1
c/841,1
c/6874,1
448,1
1437,1
c/7320+,1
3436,1
4413,1
1956,1
4238,1
8527,1
l/3339,1
3480,1
l/2811,1
l/3406,1
l/2608 a,1
l/3436,1
l/2607,1
l/4413,1
l/6242,1
l/448,1
l/1956,1
l/1437,1
l/4238,1
l/7320+,1
l/7145,1
3496,1
c/l/5654+,1
c/7940,1
6469,1
c/l/8098,1
d/4474,1
6273,1
c/7501,1
c/5565,1
2882,1
l/2621,1
l/8018,1
b/7922,1
d/624,1
l/8206,1
7996,1
l/5045,1
c/l/624,1
2241,1
l/6020,1
l/5817,1
c/7619,1
3663,1
l/7860,1
b/3270,1
1737,1
5990,1
8049,1
d/3155,1
l/1145,1
3227,1
2469,1
l/6274,1
3460,1
5812,1
3300,1
d/4557,1
c/b/3723,1
c/b/4026,1
5836,1
3620,1
d/7435,1
s/b/3754,1
d/8225,1
c/d/8256,1
d/1451,1
3135,1
b/8289,1
d/8290,1
5724,1
179,1
3151,1
c/5608 b,1
c/2365,1
c/l/1916,1
c/1597,1
c/8403,1
c/l/4256,1
c/l/4501,1
k/5656,1
c/d/4207 b,1
c/d/7184,1
c/l/8403,1
l/6566,1
d/8403,1
c/d/5178 a,1
l/1270,1
c/4394,1
6320,1
7893,1
l/2902 a,1
c/5068,1
c/150,1
c/d/1369,1
c/d/8597,1
c/d/5331,1
c/d/1935,1
c/d/4984,1
c/d/6239,1
c/d/3519,1
l/3336,1
5233,1
c/d/4093,1
c/b/710,1
l/6605 b,1
c/418,1
m/d/3844,1
c/l/3559 a,1
l/2361,1
b/713,1
c/b/948,1
c/b/3758,1
c/l/6605 b,1
6878,1
7513,1
d/5610,1
b/8145,1
c/d/1363,1
c/8333,1
6516,1
l/8255,1
c/d/5944,1
6816,1
l/520 a,1
c/d/6858,1
b/8333,1
m/d/8042,1
b/4166,1
l/5835,1
c/d/1543,1
c/d/3805,1
6868,1
4357,1
c/l/7891,1
c/k/7311 a,1
c/b/1984 b,1
c/4349,1
c/3420,1
c/2625,1
l/5118,1
m/d/8064,1
c/d/2282,1
2284,1
2578+,1
2578,1
b/2574,1
d/5333,1
l/6100+,1
m/8010,1
418,1
d/418,1
c/d/5503,1
c/3534,1
5016,1
c/b/2378,1
l/d/5971 a,1
5252,1
1913 b,1
l/4692,1
115,1
c/l/8163 c,1
c/l/5695,1
2093,1
2124,1
d/4202,1
k/3559 a,1
c/b/8346,1
3864,1
5525,1
c/b/7200,1
c/b/3665,1
c/5714,1
4322,1
6787,1
l/7321,1
c/d/3993,1
b/7321,1
b/4097,1
c/m/1144,1
6859,1
l/4762,1
l/1642,1
m/3569,1
c/d/5016,1
c/d/1481 a,1
c/m/8095,1
c/b/8643,1
c/b/7782,1
66+,1
66,1
c/609,1
b/8172,1
c/d/3864,1
c/2456,1
b/7495,1
c/2177,1
b/4842,1
l/3966,1
l/1134+,1
1134,1
c/l/5662,1
c/l/5417,1
c/l/4322,1
c/2899+,1
2899,1
c/4399,1
6007,1
c/k/5971 a,1
l/4321,1
l/2244,1
i/l/7563,1
c/b/2063,1
c/4856,1
c/4727,1
c/l/7379,1
m/d/5984,1
8196,1
m/3425,1
d/6732,1
b/5490,1
3385,1
l/1927,1
d/4707,1
1735,1
m/4762,1
k/2266,1
c/l/4030,1
m/452,1
b/4245 a,1
d/2483,1
b/8463,1
k/8316,1
b/6163 b,1
d/7421,1
8395,1
k/8199,1
l/274,1
l/6113,1
478,1
c/d/8334,1
c/d/1984 b,1
d/4849,1
8335,1
c/2204,1
c/k/4191,1
b/4705,1
8116,1
4097,1
c/l/3782,1
l/d/1416,1
b/558,1
d/l/3289,1
l/3513,1
2996,1
b/1485+,1
1485,1
c/d/4586,1
c/2672,1
c/b/3760,1
l/3384 a,1
c/2196,1
c/b/2196,1
c/d/6883,1
d/6900,1
c/b/2793,1
c/3169,1
2311,1
d/961,1
4636,1
d/1450,1
1579,1
l/3782,1
l/7339,1
m/4908,1
c/5731 a,1
l/d/4196,1
c/d/7892 a,1
c/b/5262,1
b/6597,1
b/107,1
c/k/251,1
d/6999 c,1
7821,1
k/2893,1
c/b/669,1
c/4521,1
c/d/6153,1
c/k/6555,1
c/d/4643,1
c/3253,1
c/4287,1
c/6981,1
5731 a,1
c/4509,1
c/7935,1
k/6996 a,1
c/l/3187,1
b/3881,1
d/4599,1
d/7857,1
c/l/3898 a,1
c/l/926,1
c/5057,1
c/l/1314,1
c/l/4043,1
c/4543,1
l/8393,1
c/723,1
l/220,1
b/3887,1
l/5865,1
b/2336,1
c/k/6887 b,1
2435,1
l/1521,1
l/6077,1
c/4604,1
c/d/4725,1
2335,1
k/3665,1
c/b/8083,1
l/1854,1
l/918,1
l/4226,1
c/l/7136 b,1
c/m/d/3881,1
c/7778,1
2641,1
c/b/4385,1
c/2515,1
m/7399,1
c/2811,1
l/4653,1
c/b/1731,1
c/b/6745,1
c/d/2459,1
l/926,1
b/7015,1
c/m/3627,1
c/l/8666,1
m/7725,1
3931,1
b/4397,1
c/8591,1
c/3486,1
c/d/6996 a,1
